ticker,contract,type,strike,expiration,last,volume,openInterest,addedAt
MSTR,.MSTR260731C97.5,CALL,97.50,2026-07-31,3.45,570,19171,2026-07-29 10:04:39
MSTR,.MSTR260731C100,CALL,100.00,2026-07-31,2.39,632,18411,2026-07-29 10:04:39
MSTR,.MSTR260731C104,CALL,104.00,2026-07-31,1.23,912,2424,2026-07-29 10:04:39
MSTR,.MSTR260828C110,CALL,110.00,2026-08-28,4.60,1001,1063,2026-07-29 10:04:39
MSTR,.MSTR260731P90,PUT,90.00,2026-07-31,0.96,1250,7673,2026-07-29 10:04:39
CRM,.CRM260731C185,CALL,185.00,2026-07-31,3.55,742,2357,2026-07-29 10:04:39
CRM,.CRM260731C190,CALL,190.00,2026-07-31,1.70,541,4007,2026-07-29 10:04:39
CRM,.CRM260821C190,CALL,190.00,2026-08-21,7.04,925,5302,2026-07-29 10:04:39
ADBE,.ADBE260731C255,CALL,255.00,2026-07-31,8.30,817,1958,2026-07-29 10:04:39
ADBE,.ADBE260731C260,CALL,260.00,2026-07-31,5.35,615,949,2026-07-29 10:04:39
ADBE,.ADBE260821C275,CALL,275.00,2026-08-21,7.70,529,2877,2026-07-29 10:04:39
ADBE,.ADBE260731P250,PUT,250.00,2026-07-31,1.62,988,663,2026-07-29 10:04:39
ORCL,.ORCL260731C122,CALL,122.00,2026-07-31,2.31,582,2863,2026-07-29 10:04:39
ORCL,.ORCL260731C125,CALL,125.00,2026-07-31,1.35,513,9225,2026-07-29 10:04:39
ORCL,.ORCL260731P100,PUT,100.00,2026-07-31,0.06,1153,10325,2026-07-29 10:04:39
ORCL,.ORCL260731P110,PUT,110.00,2026-07-31,0.42,1216,10489,2026-07-29 10:04:39
ORCL,.ORCL260731P118,PUT,118.00,2026-07-31,2.54,1867,1573,2026-07-29 10:04:39
ORCL,.ORCL260807P109,PUT,109.00,2026-08-07,1.63,610,351,2026-07-29 10:04:39
NOW,.NOW260731C110,CALL,110.00,2026-07-31,5.56,693,5393,2026-07-29 10:04:39
NOW,.NOW260731C112,CALL,112.00,2026-07-31,4.25,1108,2132,2026-07-29 10:04:39
NOW,.NOW260731C113,CALL,113.00,2026-07-31,3.70,718,948,2026-07-29 10:04:39
NOW,.NOW260731C114,CALL,114.00,2026-07-31,3.15,635,919,2026-07-29 10:04:39
NOW,.NOW260731C115,CALL,115.00,2026-07-31,2.70,2207,5693,2026-07-29 10:04:39
NOW,.NOW260731C120,CALL,120.00,2026-07-31,1.05,666,4975,2026-07-29 10:04:39
NOW,.NOW260807C115,CALL,115.00,2026-08-07,4.60,644,2409,2026-07-29 10:04:39
NOW,.NOW260821C120,CALL,120.00,2026-08-21,4.76,757,15460,2026-07-29 10:04:39
NOW,.NOW260821C140,CALL,140.00,2026-08-21,0.94,550,9008,2026-07-29 10:04:39
NOW,.NOW260821P99,PUT,99.00,2026-08-21,1.58,769,389,2026-07-29 10:04:39
NOW,.NOW260821P115,PUT,115.00,2026-08-21,7.40,639,2037,2026-07-29 10:04:39
CVNA,.CVNA260731P57,PUT,57.00,2026-07-31,1.03,524,1733,2026-07-29 10:04:39
CVNA,.CVNA260731P59,PUT,59.00,2026-07-31,1.48,513,1269,2026-07-29 10:04:39
CMG,.CMG260731P30.5,PUT,30.50,2026-07-31,0.25,828,266,2026-07-29 10:04:39
PLTR,.PLTR260731C123,CALL,123.00,2026-07-31,3.01,704,5435,2026-07-29 10:04:39
PLTR,.PLTR260731C124,CALL,124.00,2026-07-31,2.54,1179,2446,2026-07-29 10:04:39
PLTR,.PLTR260731C125,CALL,125.00,2026-07-31,2.03,4159,5807,2026-07-29 10:04:39
PLTR,.PLTR260731C126,CALL,126.00,2026-07-31,1.69,2886,4938,2026-07-29 10:04:39
PLTR,.PLTR260731C127,CALL,127.00,2026-07-31,1.31,2014,6506,2026-07-29 10:04:39
PLTR,.PLTR260731C128,CALL,128.00,2026-07-31,1.05,1762,7267,2026-07-29 10:04:39
PLTR,.PLTR260731C129,CALL,129.00,2026-07-31,0.85,2510,8201,2026-07-29 10:04:39
PLTR,.PLTR260731C130,CALL,130.00,2026-07-31,0.67,2828,30372,2026-07-29 10:04:39
PLTR,.PLTR260731C131,CALL,131.00,2026-07-31,0.52,710,7496,2026-07-29 10:04:39
PLTR,.PLTR260731C132,CALL,132.00,2026-07-31,0.40,604,6372,2026-07-29 10:04:39
PLTR,.PLTR260731C135,CALL,135.00,2026-07-31,0.18,2767,8595,2026-07-29 10:04:39
PLTR,.PLTR260731P117,PUT,117.00,2026-07-31,0.60,778,4774,2026-07-29 10:04:39
PLTR,.PLTR260731P118,PUT,118.00,2026-07-31,0.77,1035,4002,2026-07-29 10:04:39
PLTR,.PLTR260731P119,PUT,119.00,2026-07-31,0.97,630,4727,2026-07-29 10:04:39
PLTR,.PLTR260731P120,PUT,120.00,2026-07-31,1.30,1505,4961,2026-07-29 10:04:39
PLTR,.PLTR260731P121,PUT,121.00,2026-07-31,1.56,1142,2364,2026-07-29 10:04:39
PLTR,.PLTR260731P122,PUT,122.00,2026-07-31,1.98,746,1792,2026-07-29 10:04:39
PLTR,.PLTR260731P123,PUT,123.00,2026-07-31,2.42,989,3341,2026-07-29 10:04:39
PLTR,.PLTR260731P124,PUT,124.00,2026-07-31,3.15,987,1928,2026-07-29 10:04:39
COIN,.COIN260821C200,CALL,200.00,2026-08-21,4.55,1341,8665,2026-07-29 10:04:39
COIN,.COIN260821C210,CALL,210.00,2026-08-21,2.87,1305,3028,2026-07-29 10:04:39
GOOGL,.GOOGL260729C332.5,CALL,332.50,2026-07-29,2.10,1413,1547,2026-07-29 10:04:39
GOOGL,.GOOGL260729C335,CALL,335.00,2026-07-29,1.03,5291,2835,2026-07-29 10:04:39
GOOGL,.GOOGL260729C337.5,CALL,337.50,2026-07-29,0.50,4089,926,2026-07-29 10:04:39
GOOGL,.GOOGL260729C340,CALL,340.00,2026-07-29,0.21,3803,2005,2026-07-29 10:04:39
GOOGL,.GOOGL260729C342.5,CALL,342.50,2026-07-29,0.10,1133,1620,2026-07-29 10:04:39
GOOGL,.GOOGL260729C345,CALL,345.00,2026-07-29,0.04,563,2358,2026-07-29 10:04:39
GOOGL,.GOOGL260731C330,CALL,330.00,2026-07-31,6.08,2145,5297,2026-07-29 10:04:39
GOOGL,.GOOGL260731C335,CALL,335.00,2026-07-31,3.56,4228,11633,2026-07-29 10:04:39
GOOGL,.GOOGL260731C337.5,CALL,337.50,2026-07-31,2.60,1174,9201,2026-07-29 10:04:39
GOOGL,.GOOGL260731C340,CALL,340.00,2026-07-31,1.91,2280,11162,2026-07-29 10:04:39
GOOGL,.GOOGL260814C365,CALL,365.00,2026-08-14,1.03,792,691,2026-07-29 10:04:39
GOOGL,.GOOGL260729P325,PUT,325.00,2026-07-29,0.17,931,1146,2026-07-29 10:04:39
GOOGL,.GOOGL260729P327.5,PUT,327.50,2026-07-29,0.36,676,1105,2026-07-29 10:04:39
GOOGL,.GOOGL260729P330,PUT,330.00,2026-07-29,0.83,4214,2888,2026-07-29 10:04:39
GOOGL,.GOOGL260729P332.5,PUT,332.50,2026-07-29,1.79,3389,653,2026-07-29 10:04:39
GOOGL,.GOOGL260729P335,PUT,335.00,2026-07-29,3.10,2327,459,2026-07-29 10:04:39
GOOGL,.GOOGL260731P325,PUT,325.00,2026-07-31,1.71,928,5297,2026-07-29 10:04:39
GOOGL,.GOOGL260821P332.5,PUT,332.50,2026-08-21,9.87,707,400,2026-07-29 10:04:39
UPST,.UPST260731P27.5,PUT,27.50,2026-07-31,1.17,1364,615,2026-07-29 10:04:39
MSFT,.MSFT260731C390,CALL,390.00,2026-07-31,15.31,2239,6138,2026-07-29 10:04:39
MSFT,.MSFT260731C392.5,CALL,392.50,2026-07-31,14.00,1576,3540,2026-07-29 10:04:39
MSFT,.MSFT260731C395,CALL,395.00,2026-07-31,12.85,1768,3902,2026-07-29 10:04:39
MSFT,.MSFT260731C397.5,CALL,397.50,2026-07-31,11.65,1154,2234,2026-07-29 10:04:39
MSFT,.MSFT260731C400,CALL,400.00,2026-07-31,10.63,2306,10627,2026-07-29 10:04:39
MSFT,.MSFT260731C415,CALL,415.00,2026-07-31,5.64,652,5957,2026-07-29 10:04:39
MSFT,.MSFT260731C425,CALL,425.00,2026-07-31,3.53,2953,7529,2026-07-29 10:04:39
MSFT,.MSFT260731C430,CALL,430.00,2026-07-31,2.66,1023,15772,2026-07-29 10:04:39
MSFT,.MSFT260731C435,CALL,435.00,2026-07-31,2.05,1504,14612,2026-07-29 10:04:39
MSFT,.MSFT260731C440,CALL,440.00,2026-07-31,1.55,536,6288,2026-07-29 10:04:39
MSFT,.MSFT260803C390,CALL,390.00,2026-08-03,16.08,1769,3215,2026-07-29 10:04:39
MSFT,.MSFT260803C392.5,CALL,392.50,2026-08-03,14.52,1290,2299,2026-07-29 10:04:39
MSFT,.MSFT260803C395,CALL,395.00,2026-08-03,13.60,1213,1517,2026-07-29 10:04:39
MSFT,.MSFT260803C397.5,CALL,397.50,2026-08-03,11.03,1080,1251,2026-07-29 10:04:39
MSFT,.MSFT260803C400,CALL,400.00,2026-08-03,11.30,1213,1672,2026-07-29 10:04:39
MSFT,.MSFT260807C400,CALL,400.00,2026-08-07,13.00,1254,3008,2026-07-29 10:04:39
MSFT,.MSFT260821C400,CALL,400.00,2026-08-21,15.83,504,19452,2026-07-29 10:04:39
MSFT,.MSFT260821C440,CALL,440.00,2026-08-21,4.75,3274,13977,2026-07-29 10:04:39
MSFT,.MSFT260821C450,CALL,450.00,2026-08-21,3.50,533,49103,2026-07-29 10:04:39
MSFT,.MSFT260731P350,PUT,350.00,2026-07-31,1.15,1631,6973,2026-07-29 10:04:39
MSFT,.MSFT260731P367.5,PUT,367.50,2026-07-31,4.00,693,2165,2026-07-29 10:04:39
MSFT,.MSFT260731P390,PUT,390.00,2026-07-31,12.00,618,2010,2026-07-29 10:04:39
MSFT,.MSFT260731P392.5,PUT,392.50,2026-07-31,13.50,3546,617,2026-07-29 10:04:39
MSFT,.MSFT260807P350,PUT,350.00,2026-08-07,2.32,2069,1378,2026-07-29 10:04:39
MSFT,.MSFT260807P380,PUT,380.00,2026-08-07,9.55,1680,2987,2026-07-29 10:04:39
BABA,.BABA260731C120,CALL,120.00,2026-07-31,0.53,684,15262,2026-07-29 10:04:39
BABA,.BABA260731C125,CALL,125.00,2026-07-31,0.12,583,7321,2026-07-29 10:04:39
ASTS,.ASTS260731C59,CALL,59.00,2026-07-31,1.72,505,823,2026-07-29 10:04:39
ASTS,.ASTS260731C60,CALL,60.00,2026-07-31,1.54,1013,2489,2026-07-29 10:04:39
ASTS,.ASTS260731C65,CALL,65.00,2026-07-31,0.40,772,2954,2026-07-29 10:04:39
BA,.BA260731C217.5,CALL,217.50,2026-07-31,1.39,535,1429,2026-07-29 10:04:39
BA,.BA260731C220,CALL,220.00,2026-07-31,0.80,640,3284,2026-07-29 10:04:39
BA,.BA260731C227.5,CALL,227.50,2026-07-31,0.12,749,1260,2026-07-29 10:04:39
BA,.BA260731C230,CALL,230.00,2026-07-31,0.07,2227,4548,2026-07-29 10:04:39
BA,.BA260731C235,CALL,235.00,2026-07-31,0.03,2042,4208,2026-07-29 10:04:39
BA,.BA260731C240,CALL,240.00,2026-07-31,0.01,670,2314,2026-07-29 10:04:39
BA,.BA260731P195,PUT,195.00,2026-07-31,0.08,1057,1987,2026-07-29 10:04:39
BA,.BA260731P210,PUT,210.00,2026-07-31,1.91,574,1905,2026-07-29 10:04:39
RKLB,.RKLB260731C70,CALL,70.00,2026-07-31,0.40,2180,6825,2026-07-29 10:04:39
RKLB,.RKLB260731C79,CALL,79.00,2026-07-31,0.06,515,752,2026-07-29 10:04:39
AAPL,.AAPL260729C335,CALL,335.00,2026-07-29,8.45,620,2591,2026-07-29 10:04:39
AAPL,.AAPL260729C337.5,CALL,337.50,2026-07-29,5.80,4747,6493,2026-07-29 10:04:39
AAPL,.AAPL260729C340,CALL,340.00,2026-07-29,3.64,16164,10849,2026-07-29 10:04:39
AAPL,.AAPL260729C342.5,CALL,342.50,2026-07-29,1.92,45917,6840,2026-07-29 10:04:39
AAPL,.AAPL260729C345,CALL,345.00,2026-07-29,0.80,82452,16026,2026-07-29 10:04:39
AAPL,.AAPL260729C347.5,CALL,347.50,2026-07-29,0.28,22993,5362,2026-07-29 10:04:39
AAPL,.AAPL260729C350,CALL,350.00,2026-07-29,0.11,18208,8167,2026-07-29 10:04:39
AAPL,.AAPL260729C352.5,CALL,352.50,2026-07-29,0.05,3810,4164,2026-07-29 10:04:39
AAPL,.AAPL260729C355,CALL,355.00,2026-07-29,0.01,2257,2643,2026-07-29 10:04:39
AAPL,.AAPL260729C357.5,CALL,357.50,2026-07-29,0.01,545,1748,2026-07-29 10:04:39
AAPL,.AAPL260731C332.5,CALL,332.50,2026-07-31,13.20,554,1740,2026-07-29 10:04:39
AAPL,.AAPL260731C335,CALL,335.00,2026-07-31,11.26,601,5324,2026-07-29 10:04:39
AAPL,.AAPL260731C340,CALL,340.00,2026-07-31,8.05,2643,12739,2026-07-29 10:04:39
AAPL,.AAPL260731C342.5,CALL,342.50,2026-07-31,6.70,2552,2790,2026-07-29 10:04:39
AAPL,.AAPL260731C345,CALL,345.00,2026-07-31,5.40,3453,4182,2026-07-29 10:04:39
AAPL,.AAPL260731C347.5,CALL,347.50,2026-07-31,4.29,1008,4158,2026-07-29 10:04:39
AAPL,.AAPL260731C350,CALL,350.00,2026-07-31,3.43,2593,8385,2026-07-29 10:04:39
AAPL,.AAPL260731C352.5,CALL,352.50,2026-07-31,2.60,875,1452,2026-07-29 10:04:39
AAPL,.AAPL260731C355,CALL,355.00,2026-07-31,1.97,939,3716,2026-07-29 10:04:39
AAPL,.AAPL260731C357.5,CALL,357.50,2026-07-31,1.49,771,1631,2026-07-29 10:04:39
AAPL,.AAPL260731C360,CALL,360.00,2026-07-31,1.10,1195,9238,2026-07-29 10:04:39
AAPL,.AAPL260731C362.5,CALL,362.50,2026-07-31,0.79,3952,4140,2026-07-29 10:04:39
AAPL,.AAPL260731C365,CALL,365.00,2026-07-31,0.54,1190,8799,2026-07-29 10:04:39
AAPL,.AAPL260731C370,CALL,370.00,2026-07-31,0.28,812,2705,2026-07-29 10:04:39
AAPL,.AAPL260731C372.5,CALL,372.50,2026-07-31,0.19,901,387,2026-07-29 10:04:39
AAPL,.AAPL260731C375,CALL,375.00,2026-07-31,0.13,1297,3149,2026-07-29 10:04:39
AAPL,.AAPL260807C350,CALL,350.00,2026-08-07,5.05,2744,18680,2026-07-29 10:04:39
AAPL,.AAPL260821C320,CALL,320.00,2026-08-21,26.65,604,22043,2026-07-29 10:04:39
AAPL,.AAPL260821C345,CALL,345.00,2026-08-21,9.90,2459,43911,2026-07-29 10:04:39
AAPL,.AAPL260821C350,CALL,350.00,2026-08-21,7.39,779,22738,2026-07-29 10:04:39
AAPL,.AAPL260821C360,CALL,360.00,2026-08-21,4.01,582,12207,2026-07-29 10:04:39
AAPL,.AAPL260729P325,PUT,325.00,2026-07-29,0.02,3925,9942,2026-07-29 10:04:39
AAPL,.AAPL260729P327.5,PUT,327.50,2026-07-29,0.03,6138,4862,2026-07-29 10:04:39
AAPL,.AAPL260729P330,PUT,330.00,2026-07-29,0.04,10407,11689,2026-07-29 10:04:39
AAPL,.AAPL260729P332.5,PUT,332.50,2026-07-29,0.05,4684,5289,2026-07-29 10:04:39
AAPL,.AAPL260729P335,PUT,335.00,2026-07-29,0.10,14425,11883,2026-07-29 10:04:39
AAPL,.AAPL260729P337.5,PUT,337.50,2026-07-29,0.22,12564,6769,2026-07-29 10:04:39
AAPL,.AAPL260729P340,PUT,340.00,2026-07-29,0.55,19242,2503,2026-07-29 10:04:39
AAPL,.AAPL260729P342.5,PUT,342.50,2026-07-29,1.32,9630,407,2026-07-29 10:04:39
AAPL,.AAPL260729P345,PUT,345.00,2026-07-29,2.62,1699,157,2026-07-29 10:04:39
AAPL,.AAPL260731P295,PUT,295.00,2026-07-31,0.10,1512,4732,2026-07-29 10:04:39
AAPL,.AAPL260731P310,PUT,310.00,2026-07-31,0.28,1642,9518,2026-07-29 10:04:39
AAPL,.AAPL260731P312.5,PUT,312.50,2026-07-31,0.33,8302,9786,2026-07-29 10:04:39
AAPL,.AAPL260731P315,PUT,315.00,2026-07-31,0.40,2743,18214,2026-07-29 10:04:39
AAPL,.AAPL260731P317.5,PUT,317.50,2026-07-31,0.47,9069,10415,2026-07-29 10:04:39
AAPL,.AAPL260731P320,PUT,320.00,2026-07-31,0.63,5052,13702,2026-07-29 10:04:39
AAPL,.AAPL260731P322.5,PUT,322.50,2026-07-31,0.82,1097,1411,2026-07-29 10:04:39
AAPL,.AAPL260731P325,PUT,325.00,2026-07-31,1.06,2785,14009,2026-07-29 10:04:39
AAPL,.AAPL260731P330,PUT,330.00,2026-07-31,1.81,4194,7633,2026-07-29 10:04:39
AAPL,.AAPL260731P335,PUT,335.00,2026-07-31,3.04,2730,5254,2026-07-29 10:04:39
AAPL,.AAPL260731P340,PUT,340.00,2026-07-31,4.78,1511,6791,2026-07-29 10:04:39
AAPL,.AAPL260731P342.5,PUT,342.50,2026-07-31,5.88,1042,528,2026-07-29 10:04:39
AAPL,.AAPL260803P340,PUT,340.00,2026-08-03,5.30,825,170,2026-07-29 10:04:39
AAPL,.AAPL260807P295,PUT,295.00,2026-08-07,0.25,1121,5030,2026-07-29 10:04:39
AAPL,.AAPL260807P300,PUT,300.00,2026-08-07,0.35,1249,4217,2026-07-29 10:04:39
AAPL,.AAPL260807P320,PUT,320.00,2026-08-07,1.59,904,1938,2026-07-29 10:04:39
AAPL,.AAPL260807P325,PUT,325.00,2026-08-07,2.28,2806,16421,2026-07-29 10:04:39
AAPL,.AAPL260807P330,PUT,330.00,2026-08-07,3.40,853,1520,2026-07-29 10:04:39
AAPL,.AAPL260807P340,PUT,340.00,2026-08-07,6.49,673,963,2026-07-29 10:04:39
AAPL,.AAPL260814P285,PUT,285.00,2026-08-14,0.28,1008,584,2026-07-29 10:04:39
AAPL,.AAPL260821P300,PUT,300.00,2026-08-21,1.01,627,36282,2026-07-29 10:04:39
AAPL,.AAPL260828P300,PUT,300.00,2026-08-28,1.37,524,1765,2026-07-29 10:04:39
AAPL,.AAPL260828P320,PUT,320.00,2026-08-28,3.70,644,3365,2026-07-29 10:04:39
META,.META260731C580,CALL,580.00,2026-07-31,29.55,1606,593,2026-07-29 10:04:39
META,.META260731C605,CALL,605.00,2026-07-31,17.90,568,888,2026-07-29 10:04:39
META,.META260731C612.5,CALL,612.50,2026-07-31,14.15,534,391,2026-07-29 10:04:39
META,.META260731C620,CALL,620.00,2026-07-31,12.50,911,1984,2026-07-29 10:04:39
META,.META260731C630,CALL,630.00,2026-07-31,9.55,739,3063,2026-07-29 10:04:39
META,.META260731C635,CALL,635.00,2026-07-31,8.40,746,1422,2026-07-29 10:04:39
META,.META260814C625,CALL,625.00,2026-08-14,16.32,802,962,2026-07-29 10:04:39
META,.META260821C590,CALL,590.00,2026-08-21,33.15,1527,906,2026-07-29 10:04:39
META,.META260731P560,PUT,560.00,2026-07-31,11.07,1069,1434,2026-07-29 10:04:39
META,.META260731P590,PUT,590.00,2026-07-31,23.60,621,2299,2026-07-29 10:04:39
META,.META260807P580,PUT,580.00,2026-08-07,22.71,1052,343,2026-07-29 10:04:39
GME,.GME260731C22,CALL,22.00,2026-07-31,0.21,1314,17210,2026-07-29 10:04:39
GME,.GME260731C22.5,CALL,22.50,2026-07-31,0.07,800,8860,2026-07-29 10:04:39
GME,.GME260731C23,CALL,23.00,2026-07-31,0.03,1945,13407,2026-07-29 10:04:39
GME,.GME260821C25,CALL,25.00,2026-08-21,0.12,801,14452,2026-07-29 10:04:39
IBM,.IBM260731C230,CALL,230.00,2026-07-31,3.72,1060,2045,2026-07-29 10:04:39
IBM,.IBM260731P227.5,PUT,227.50,2026-07-31,4.80,552,196,2026-07-29 10:04:39
NFLX,.NFLX260731C72,CALL,72.00,2026-07-31,1.12,734,6268,2026-07-29 10:04:39
NFLX,.NFLX260731C73,CALL,73.00,2026-07-31,0.64,2862,8584,2026-07-29 10:04:39
NFLX,.NFLX260731C74,CALL,74.00,2026-07-31,0.35,1531,11799,2026-07-29 10:04:39
NFLX,.NFLX260731C75,CALL,75.00,2026-07-31,0.20,4136,25025,2026-07-29 10:04:39
NFLX,.NFLX260731C76,CALL,76.00,2026-07-31,0.11,504,11804,2026-07-29 10:04:39
NFLX,.NFLX260731C80,CALL,80.00,2026-07-31,0.01,4248,12451,2026-07-29 10:04:39
NFLX,.NFLX260807C74,CALL,74.00,2026-08-07,0.96,617,2463,2026-07-29 10:04:39
NFLX,.NFLX260731P70,PUT,70.00,2026-07-31,0.20,613,10141,2026-07-29 10:04:39
NFLX,.NFLX260731P71,PUT,71.00,2026-07-31,0.41,934,6703,2026-07-29 10:04:39
NFLX,.NFLX260731P72,PUT,72.00,2026-07-31,0.77,1320,4738,2026-07-29 10:04:39
AMZN,.AMZN260729C227.5,CALL,227.50,2026-07-29,2.51,821,731,2026-07-29 10:04:39
AMZN,.AMZN260729C230,CALL,230.00,2026-07-29,1.02,4955,3093,2026-07-29 10:04:39
AMZN,.AMZN260729C232.5,CALL,232.50,2026-07-29,0.31,4267,4753,2026-07-29 10:04:39
AMZN,.AMZN260729C235,CALL,235.00,2026-07-29,0.08,6672,13413,2026-07-29 10:04:39
AMZN,.AMZN260729C237.5,CALL,237.50,2026-07-29,0.03,848,4851,2026-07-29 10:04:39
AMZN,.AMZN260729C240,CALL,240.00,2026-07-29,0.01,943,9152,2026-07-29 10:04:39
AMZN,.AMZN260729C242.5,CALL,242.50,2026-07-29,0.04,624,2537,2026-07-29 10:04:39
AMZN,.AMZN260731C240,CALL,240.00,2026-07-31,3.85,840,11803,2026-07-29 10:04:39
AMZN,.AMZN260731C250,CALL,250.00,2026-07-31,1.61,2348,16650,2026-07-29 10:04:39
AMZN,.AMZN260731C255,CALL,255.00,2026-07-31,0.99,3728,8512,2026-07-29 10:04:39
AMZN,.AMZN260821C275,CALL,275.00,2026-08-21,0.76,591,21687,2026-07-29 10:04:39
AMZN,.AMZN260729P220,PUT,220.00,2026-07-29,0.04,555,2164,2026-07-29 10:04:39
AMZN,.AMZN260729P222.5,PUT,222.50,2026-07-29,0.09,1275,953,2026-07-29 10:04:39
AMZN,.AMZN260729P225,PUT,225.00,2026-07-29,0.22,2954,3350,2026-07-29 10:04:39
AMZN,.AMZN260729P227.5,PUT,227.50,2026-07-29,0.67,3459,1906,2026-07-29 10:04:39
AMZN,.AMZN260729P230,PUT,230.00,2026-07-29,1.85,1408,2082,2026-07-29 10:04:39
AMZN,.AMZN260731P205,PUT,205.00,2026-07-31,1.03,2674,3249,2026-07-29 10:04:39
AMZN,.AMZN260807P220,PUT,220.00,2026-08-07,4.80,3193,2047,2026-07-29 10:04:39
AMZN,.AMZN260810P275,PUT,275.00,2026-08-10,45.75,570,99,2026-07-29 10:04:39
$SPX,.SPXW260729C7365,CALL,7365.00,2026-07-29,54.50,517,104,2026-07-29 10:04:39
$SPX,.SPXW260729C7380,CALL,7380.00,2026-07-29,43.50,635,158,2026-07-29 10:04:39
$SPX,.SPXW260729C7385,CALL,7385.00,2026-07-29,39.70,777,168,2026-07-29 10:04:39
$SPX,.SPXW260729C7390,CALL,7390.00,2026-07-29,37.50,1198,140,2026-07-29 10:04:39
$SPX,.SPXW260729C7395,CALL,7395.00,2026-07-29,33.90,1560,165,2026-07-29 10:04:39
$SPX,.SPXW260729C7400,CALL,7400.00,2026-07-29,31.00,3634,1243,2026-07-29 10:04:39
$SPX,.SPXW260729C7405,CALL,7405.00,2026-07-29,28.10,2383,401,2026-07-29 10:04:39
$SPX,.SPXW260729C7410,CALL,7410.00,2026-07-29,25.43,2791,541,2026-07-29 10:04:39
$SPX,.SPXW260729C7415,CALL,7415.00,2026-07-29,22.80,2770,533,2026-07-29 10:04:39
$SPX,.SPXW260729C7420,CALL,7420.00,2026-07-29,20.50,5521,809,2026-07-29 10:04:39
$SPX,.SPXW260729C7425,CALL,7425.00,2026-07-29,18.30,5104,445,2026-07-29 10:04:39
$SPX,.SPXW260729C7430,CALL,7430.00,2026-07-29,16.20,5767,968,2026-07-29 10:04:39
$SPX,.SPXW260729C7435,CALL,7435.00,2026-07-29,14.30,2982,548,2026-07-29 10:04:39
$SPX,.SPXW260729C7440,CALL,7440.00,2026-07-29,12.50,5901,2187,2026-07-29 10:04:39
$SPX,.SPXW260729C7445,CALL,7445.00,2026-07-29,11.00,3228,718,2026-07-29 10:04:39
$SPX,.SPXW260729C7450,CALL,7450.00,2026-07-29,9.50,5619,3395,2026-07-29 10:04:39
$SPX,.SPXW260729C7455,CALL,7455.00,2026-07-29,8.10,2896,571,2026-07-29 10:04:39
$SPX,.SPXW260729C7460,CALL,7460.00,2026-07-29,7.00,5647,1101,2026-07-29 10:04:39
$SPX,.SPXW260729C7465,CALL,7465.00,2026-07-29,5.90,3198,954,2026-07-29 10:04:39
$SPX,.SPXW260729C7470,CALL,7470.00,2026-07-29,5.00,5982,837,2026-07-29 10:04:39
$SPX,.SPXW260729C7475,CALL,7475.00,2026-07-29,4.20,11130,2157,2026-07-29 10:04:39
$SPX,.SPXW260729C7480,CALL,7480.00,2026-07-29,3.50,13063,1436,2026-07-29 10:04:39
$SPX,.SPXW260729C7485,CALL,7485.00,2026-07-29,2.85,5603,2415,2026-07-29 10:04:39
$SPX,.SPXW260729C7490,CALL,7490.00,2026-07-29,2.30,7809,1895,2026-07-29 10:04:39
$SPX,.SPXW260729C7495,CALL,7495.00,2026-07-29,1.87,3471,2007,2026-07-29 10:04:39
$SPX,.SPXW260729C7500,CALL,7500.00,2026-07-29,1.50,10234,6202,2026-07-29 10:04:39
$SPX,.SPXW260729C7505,CALL,7505.00,2026-07-29,1.15,3575,1948,2026-07-29 10:04:39
$SPX,.SPXW260730C7480,CALL,7480.00,2026-07-30,12.70,635,473,2026-07-29 10:04:39
$SPX,.SPXW260730C7500,CALL,7500.00,2026-07-30,8.05,772,1094,2026-07-29 10:04:39
$SPX,.SPXW260731C7430,CALL,7430.00,2026-07-31,39.80,574,622,2026-07-29 10:04:39
$SPX,.SPX260821C7500,CALL,7500.00,2026-08-21,68.00,513,40060,2026-07-29 10:04:39
$SPX,.SPXW260729P7310,PUT,7310.00,2026-07-29,3.80,5787,1284,2026-07-29 10:04:39
$SPX,.SPXW260729P7315,PUT,7315.00,2026-07-29,4.30,2980,1099,2026-07-29 10:04:39
$SPX,.SPXW260729P7320,PUT,7320.00,2026-07-29,4.90,12748,2527,2026-07-29 10:04:39
$SPX,.SPXW260729P7325,PUT,7325.00,2026-07-29,5.50,12819,2171,2026-07-29 10:04:39
$SPX,.SPXW260729P7330,PUT,7330.00,2026-07-29,6.20,4119,1359,2026-07-29 10:04:39
$SPX,.SPXW260729P7335,PUT,7335.00,2026-07-29,6.90,3463,769,2026-07-29 10:04:39
$SPX,.SPXW260729P7340,PUT,7340.00,2026-07-29,7.73,4894,2815,2026-07-29 10:04:39
$SPX,.SPXW260729P7345,PUT,7345.00,2026-07-29,8.60,3926,553,2026-07-29 10:04:39
$SPX,.SPXW260729P7350,PUT,7350.00,2026-07-29,9.63,6292,1650,2026-07-29 10:04:39
$SPX,.SPXW260729P7355,PUT,7355.00,2026-07-29,10.60,2658,592,2026-07-29 10:04:39
$SPX,.SPXW260729P7360,PUT,7360.00,2026-07-29,11.72,4747,894,2026-07-29 10:04:39
$SPX,.SPXW260729P7365,PUT,7365.00,2026-07-29,12.92,3135,578,2026-07-29 10:04:39
$SPX,.SPXW260729P7370,PUT,7370.00,2026-07-29,14.22,4183,1307,2026-07-29 10:04:39
$SPX,.SPXW260729P7375,PUT,7375.00,2026-07-29,15.40,3601,1721,2026-07-29 10:04:39
$SPX,.SPXW260729P7380,PUT,7380.00,2026-07-29,17.40,4364,1570,2026-07-29 10:04:39
$SPX,.SPXW260729P7385,PUT,7385.00,2026-07-29,18.80,3170,1406,2026-07-29 10:04:39
$SPX,.SPXW260729P7390,PUT,7390.00,2026-07-29,20.67,4455,1562,2026-07-29 10:04:39
$SPX,.SPXW260729P7395,PUT,7395.00,2026-07-29,22.70,4266,1078,2026-07-29 10:04:39
$SPX,.SPXW260729P7400,PUT,7400.00,2026-07-29,24.62,7620,2281,2026-07-29 10:04:39
$SPX,.SPXW260729P7405,PUT,7405.00,2026-07-29,26.92,4969,691,2026-07-29 10:04:39
$SPX,.SPXW260729P7410,PUT,7410.00,2026-07-29,29.22,5388,499,2026-07-29 10:04:39
$SPX,.SPXW260729P7415,PUT,7415.00,2026-07-29,31.60,3900,530,2026-07-29 10:04:39
$SPX,.SPXW260729P7420,PUT,7420.00,2026-07-29,34.00,4589,1043,2026-07-29 10:04:39
$SPX,.SPXW260729P7425,PUT,7425.00,2026-07-29,36.80,2848,575,2026-07-29 10:04:39
$SPX,.SPXW260729P7430,PUT,7430.00,2026-07-29,39.90,1712,759,2026-07-29 10:04:39
$SPX,.SPXW260729P7435,PUT,7435.00,2026-07-29,43.70,892,666,2026-07-29 10:04:39
$SPX,.SPXW260729P7440,PUT,7440.00,2026-07-29,46.53,750,1501,2026-07-29 10:04:39
$SPX,.SPXW260729P7445,PUT,7445.00,2026-07-29,49.80,545,385,2026-07-29 10:04:39
$SPX,.SPXW260729P7450,PUT,7450.00,2026-07-29,53.10,975,3449,2026-07-29 10:04:39
$SPX,.SPXW260730P7400,PUT,7400.00,2026-07-30,40.00,588,1574,2026-07-29 10:04:39
$SPX,.SPXW260731P7350,PUT,7350.00,2026-07-31,33.73,1074,8231,2026-07-29 10:04:39
$SPX,.SPX260821P7400,PUT,7400.00,2026-08-21,108.50,1427,16602,2026-07-29 10:04:39
$SPX,.SPX260821P7445,PUT,7445.00,2026-08-21,131.37,598,680,2026-07-29 10:04:39
AVGO,.AVGO260729C377.5,CALL,377.50,2026-07-29,5.20,715,275,2026-07-29 10:04:39
AVGO,.AVGO260729C380,CALL,380.00,2026-07-29,3.75,839,505,2026-07-29 10:04:39
AVGO,.AVGO260729C400,CALL,400.00,2026-07-29,0.06,685,1452,2026-07-29 10:04:39
AVGO,.AVGO260729P355,PUT,355.00,2026-07-29,0.04,603,967,2026-07-29 10:04:39
AVGO,.AVGO260729P370,PUT,370.00,2026-07-29,0.67,853,2681,2026-07-29 10:04:39
CRWD,.CRWD260731C190,CALL,190.00,2026-07-31,1.75,730,1292,2026-07-29 10:04:39
UNH,.UNH260731C440,CALL,440.00,2026-07-31,0.70,667,1999,2026-07-29 10:04:39
UNH,.UNH260731C450,CALL,450.00,2026-07-31,0.12,909,1561,2026-07-29 10:04:39
UNH,.UNH260821C450,CALL,450.00,2026-08-21,3.80,1070,5000,2026-07-29 10:04:39
SNOW,.SNOW260731C300,CALL,300.00,2026-07-31,2.99,934,1366,2026-07-29 10:04:39
ARM,.ARM260821P205,PUT,205.00,2026-08-21,10.65,1114,65,2026-07-29 10:04:39
HOOD,.HOOD260731C88,CALL,88.00,2026-07-31,6.55,5098,131,2026-07-29 10:04:39
HOOD,.HOOD260821P90,PUT,90.00,2026-08-21,6.82,1044,8539,2026-07-29 10:04:39
TSLA,.TSLA260729C297.5,CALL,297.50,2026-07-29,9.25,783,598,2026-07-29 10:04:39
TSLA,.TSLA260729C300,CALL,300.00,2026-07-29,6.51,5871,2169,2026-07-29 10:04:39
TSLA,.TSLA260729C302.5,CALL,302.50,2026-07-29,4.65,2295,1530,2026-07-29 10:04:39
TSLA,.TSLA260729C305,CALL,305.00,2026-07-29,3.06,11786,2849,2026-07-29 10:04:39
TSLA,.TSLA260729C307.5,CALL,307.50,2026-07-29,1.89,15280,2793,2026-07-29 10:04:39
TSLA,.TSLA260729C310,CALL,310.00,2026-07-29,1.10,18305,8124,2026-07-29 10:04:39
TSLA,.TSLA260729C312.5,CALL,312.50,2026-07-29,0.63,6606,2969,2026-07-29 10:04:39
TSLA,.TSLA260729C315,CALL,315.00,2026-07-29,0.35,8603,10948,2026-07-29 10:04:39
TSLA,.TSLA260729C317.5,CALL,317.50,2026-07-29,0.23,2942,3136,2026-07-29 10:04:39
TSLA,.TSLA260729C320,CALL,320.00,2026-07-29,0.13,4005,8745,2026-07-29 10:04:39
TSLA,.TSLA260729C322.5,CALL,322.50,2026-07-29,0.08,1279,3617,2026-07-29 10:04:39
TSLA,.TSLA260729C325,CALL,325.00,2026-07-29,0.05,1550,5426,2026-07-29 10:04:39
TSLA,.TSLA260729C327.5,CALL,327.50,2026-07-29,0.04,752,3842,2026-07-29 10:04:39
TSLA,.TSLA260729C330,CALL,330.00,2026-07-29,0.03,1698,6075,2026-07-29 10:04:39
TSLA,.TSLA260731C290,CALL,290.00,2026-07-31,17.41,839,441,2026-07-29 10:04:39
TSLA,.TSLA260731C292.5,CALL,292.50,2026-07-31,14.72,2131,1588,2026-07-29 10:04:39
TSLA,.TSLA260731C295,CALL,295.00,2026-07-31,13.10,2313,907,2026-07-29 10:04:39
TSLA,.TSLA260731C300,CALL,300.00,2026-07-31,9.18,9015,2221,2026-07-29 10:04:39
TSLA,.TSLA260731C305,CALL,305.00,2026-07-31,6.13,3459,3016,2026-07-29 10:04:39
TSLA,.TSLA260731C307.5,CALL,307.50,2026-07-31,5.05,2031,3629,2026-07-29 10:04:39
TSLA,.TSLA260731C310,CALL,310.00,2026-07-31,3.90,4439,8933,2026-07-29 10:04:39
TSLA,.TSLA260731C312.5,CALL,312.50,2026-07-31,3.05,1145,1430,2026-07-29 10:04:39
TSLA,.TSLA260731C315,CALL,315.00,2026-07-31,2.49,1909,6898,2026-07-29 10:04:39
TSLA,.TSLA260731C320,CALL,320.00,2026-07-31,1.40,3146,10381,2026-07-29 10:04:39
TSLA,.TSLA260731C322.5,CALL,322.50,2026-07-31,1.12,786,3089,2026-07-29 10:04:39
TSLA,.TSLA260731C325,CALL,325.00,2026-07-31,0.80,2251,10722,2026-07-29 10:04:39
TSLA,.TSLA260731C330,CALL,330.00,2026-07-31,0.47,993,15716,2026-07-29 10:04:39
TSLA,.TSLA260731C335,CALL,335.00,2026-07-31,0.27,2415,6446,2026-07-29 10:04:39
TSLA,.TSLA260731C340,CALL,340.00,2026-07-31,0.17,1220,13493,2026-07-29 10:04:39
TSLA,.TSLA260731C345,CALL,345.00,2026-07-31,0.12,892,11612,2026-07-29 10:04:39
TSLA,.TSLA260731C350,CALL,350.00,2026-07-31,0.08,2505,14471,2026-07-29 10:04:39
TSLA,.TSLA260803C320,CALL,320.00,2026-08-03,2.33,532,4292,2026-07-29 10:04:39
TSLA,.TSLA260803C342.5,CALL,342.50,2026-08-03,0.31,1699,643,2026-07-29 10:04:39
TSLA,.TSLA260805C350,CALL,350.00,2026-08-05,0.46,690,1369,2026-07-29 10:04:39
TSLA,.TSLA260807C315,CALL,315.00,2026-08-07,6.40,584,1711,2026-07-29 10:04:39
TSLA,.TSLA260821C300,CALL,300.00,2026-08-21,18.20,1040,1785,2026-07-29 10:04:39
TSLA,.TSLA260729P282.5,PUT,282.50,2026-07-29,0.02,1693,543,2026-07-29 10:04:39
TSLA,.TSLA260729P287.5,PUT,287.50,2026-07-29,0.03,882,1551,2026-07-29 10:04:39
TSLA,.TSLA260729P290,PUT,290.00,2026-07-29,0.07,2838,4527,2026-07-29 10:04:39
TSLA,.TSLA260729P292.5,PUT,292.50,2026-07-29,0.10,1548,3074,2026-07-29 10:04:39
TSLA,.TSLA260729P295,PUT,295.00,2026-07-29,0.18,5901,4133,2026-07-29 10:04:39
TSLA,.TSLA260729P297.5,PUT,297.50,2026-07-29,0.36,7711,3321,2026-07-29 10:04:39
TSLA,.TSLA260729P300,PUT,300.00,2026-07-29,0.69,27608,5858,2026-07-29 10:04:39
TSLA,.TSLA260729P302.5,PUT,302.50,2026-07-29,1.28,19089,5482,2026-07-29 10:04:39
TSLA,.TSLA260729P305,PUT,305.00,2026-07-29,2.23,32936,8244,2026-07-29 10:04:39
TSLA,.TSLA260729P307.5,PUT,307.50,2026-07-29,3.50,8651,11291,2026-07-29 10:04:39
TSLA,.TSLA260729P310,PUT,310.00,2026-07-29,5.17,7027,4943,2026-07-29 10:04:39
TSLA,.TSLA260729P312.5,PUT,312.50,2026-07-29,7.26,2553,1346,2026-07-29 10:04:39
TSLA,.TSLA260729P315,PUT,315.00,2026-07-29,9.65,513,4041,2026-07-29 10:04:39
TSLA,.TSLA260729P320,PUT,320.00,2026-07-29,14.28,806,1944,2026-07-29 10:04:39
TSLA,.TSLA260729P325,PUT,325.00,2026-07-29,20.04,2351,1301,2026-07-29 10:04:39
TSLA,.TSLA260731P280,PUT,280.00,2026-07-31,0.30,516,4535,2026-07-29 10:04:39
TSLA,.TSLA260731P290,PUT,290.00,2026-07-31,0.95,1648,3335,2026-07-29 10:04:39
TSLA,.TSLA260731P292.5,PUT,292.50,2026-07-31,1.24,789,831,2026-07-29 10:04:39
TSLA,.TSLA260731P295,PUT,295.00,2026-07-31,1.65,861,6444,2026-07-29 10:04:39
TSLA,.TSLA260731P297.5,PUT,297.50,2026-07-31,2.25,1088,1425,2026-07-29 10:04:39
TSLA,.TSLA260731P300,PUT,300.00,2026-07-31,3.06,4450,7804,2026-07-29 10:04:39
TSLA,.TSLA260731P302.5,PUT,302.50,2026-07-31,3.95,1650,1687,2026-07-29 10:04:39
TSLA,.TSLA260731P305,PUT,305.00,2026-07-31,5.00,5148,3875,2026-07-29 10:04:39
TSLA,.TSLA260731P307.5,PUT,307.50,2026-07-31,6.15,4188,1758,2026-07-29 10:04:39
TSLA,.TSLA260731P310,PUT,310.00,2026-07-31,7.62,7835,3591,2026-07-29 10:04:39
TSLA,.TSLA260731P315,PUT,315.00,2026-07-31,11.02,7629,2769,2026-07-29 10:04:39
TSLA,.TSLA260731P317.5,PUT,317.50,2026-07-31,13.36,3513,1182,2026-07-29 10:04:39
TSLA,.TSLA260731P320,PUT,320.00,2026-07-31,15.30,1038,4257,2026-07-29 10:04:39
TSLA,.TSLA260731P322.5,PUT,322.50,2026-07-31,17.89,5194,1264,2026-07-29 10:04:39
TSLA,.TSLA260731P325,PUT,325.00,2026-07-31,19.35,1138,1576,2026-07-29 10:04:39
TSLA,.TSLA260803P305,PUT,305.00,2026-08-03,6.09,580,1086,2026-07-29 10:04:39
TSLA,.TSLA260807P300,PUT,300.00,2026-08-07,6.94,743,2930,2026-07-29 10:04:39
TSLA,.TSLA260807P310,PUT,310.00,2026-08-07,11.77,543,1624,2026-07-29 10:04:39
TSLA,.TSLA260810P275,PUT,275.00,2026-08-10,1.72,604,2048,2026-07-29 10:04:39
NBIS,.NBIS260731C185,CALL,185.00,2026-07-31,1.82,574,1795,2026-07-29 10:04:39
NBIS,.NBIS260731C200,CALL,200.00,2026-07-31,0.68,890,4176,2026-07-29 10:04:39
NBIS,.NBIS260807C160,CALL,160.00,2026-08-07,15.10,1686,243,2026-07-29 10:04:39
NBIS,.NBIS260807C165,CALL,165.00,2026-08-07,12.77,1327,91,2026-07-29 10:04:39
NBIS,.NBIS260807C205,CALL,205.00,2026-08-07,2.75,978,259,2026-07-29 10:04:39
NBIS,.NBIS260731P140,PUT,140.00,2026-07-31,3.25,1092,23816,2026-07-29 10:04:39
NBIS,.NBIS260731P150,PUT,150.00,2026-07-31,5.88,2202,7284,2026-07-29 10:04:39
NBIS,.NBIS260731P155,PUT,155.00,2026-07-31,8.35,1278,1439,2026-07-29 10:04:39
NBIS,.NBIS260731P157.5,PUT,157.50,2026-07-31,9.75,534,728,2026-07-29 10:04:39
NBIS,.NBIS260731P160,PUT,160.00,2026-07-31,10.18,2538,4916,2026-07-29 10:04:39
NBIS,.NBIS260731P165,PUT,165.00,2026-07-31,14.12,545,10022,2026-07-29 10:04:39
NBIS,.NBIS260731P175,PUT,175.00,2026-07-31,21.30,722,3655,2026-07-29 10:04:39
NBIS,.NBIS260731P180,PUT,180.00,2026-07-31,25.19,1126,15879,2026-07-29 10:04:39
NBIS,.NBIS260814P210,PUT,210.00,2026-08-14,58.78,2489,1769,2026-07-29 10:04:39
BE,.BE260731C175,CALL,175.00,2026-07-31,11.65,3014,294,2026-07-29 10:04:39
BE,.BE260731C180,CALL,180.00,2026-07-31,8.95,918,3197,2026-07-29 10:04:39
BE,.BE260731C185,CALL,185.00,2026-07-31,7.00,562,2866,2026-07-29 10:04:39
BE,.BE260731C190,CALL,190.00,2026-07-31,5.79,617,3328,2026-07-29 10:04:39
BE,.BE260731C200,CALL,200.00,2026-07-31,3.10,1722,3044,2026-07-29 10:04:39
BE,.BE260731C210,CALL,210.00,2026-07-31,1.59,581,1306,2026-07-29 10:04:39
BE,.BE260731C220,CALL,220.00,2026-07-31,1.00,600,1490,2026-07-29 10:04:39
BE,.BE260731P150,PUT,150.00,2026-07-31,2.36,964,2942,2026-07-29 10:04:39
BE,.BE260731P160,PUT,160.00,2026-07-31,4.42,643,4271,2026-07-29 10:04:39
BE,.BE260731P170,PUT,170.00,2026-07-31,8.00,589,3943,2026-07-29 10:04:39
BE,.BE260731P180,PUT,180.00,2026-07-31,14.32,583,3000,2026-07-29 10:04:39
CRWV,.CRWV260731C65,CALL,65.00,2026-07-31,3.04,661,1830,2026-07-29 10:04:39
CRWV,.CRWV260731C70,CALL,70.00,2026-07-31,1.14,611,4865,2026-07-29 10:04:39
CRWV,.CRWV260731C75,CALL,75.00,2026-07-31,0.35,913,4313,2026-07-29 10:04:39
INTC,.INTC260729C85,CALL,85.00,2026-07-29,1.52,1616,1367,2026-07-29 10:04:39
INTC,.INTC260729C86,CALL,86.00,2026-07-29,1.07,1297,1027,2026-07-29 10:04:39
INTC,.INTC260729C87,CALL,87.00,2026-07-29,0.65,3337,6332,2026-07-29 10:04:39
INTC,.INTC260729C88,CALL,88.00,2026-07-29,0.43,9734,2896,2026-07-29 10:04:39
INTC,.INTC260729C89,CALL,89.00,2026-07-29,0.28,2384,1486,2026-07-29 10:04:39
INTC,.INTC260729C90,CALL,90.00,2026-07-29,0.15,4732,12702,2026-07-29 10:04:39
INTC,.INTC260729C91,CALL,91.00,2026-07-29,0.10,2216,1400,2026-07-29 10:04:39
INTC,.INTC260729C92,CALL,92.00,2026-07-29,0.06,1801,4424,2026-07-29 10:04:39
INTC,.INTC260729C95,CALL,95.00,2026-07-29,0.03,1130,5995,2026-07-29 10:04:39
INTC,.INTC260729C97,CALL,97.00,2026-07-29,0.01,524,1273,2026-07-29 10:04:39
INTC,.INTC260731C66,CALL,66.00,2026-07-31,21.01,1000,502,2026-07-29 10:04:39
INTC,.INTC260731C67,CALL,67.00,2026-07-31,20.02,1000,502,2026-07-29 10:04:39
INTC,.INTC260731C85,CALL,85.00,2026-07-31,3.35,595,1630,2026-07-29 10:04:39
INTC,.INTC260731C86,CALL,86.00,2026-07-31,2.92,604,2294,2026-07-29 10:04:39
INTC,.INTC260731C87,CALL,87.00,2026-07-31,2.40,856,1139,2026-07-29 10:04:39
INTC,.INTC260731C88,CALL,88.00,2026-07-31,2.06,2379,2833,2026-07-29 10:04:39
INTC,.INTC260731C89,CALL,89.00,2026-07-31,1.72,570,1564,2026-07-29 10:04:39
INTC,.INTC260731C90,CALL,90.00,2026-07-31,1.32,1869,5568,2026-07-29 10:04:39
INTC,.INTC260731C92,CALL,92.00,2026-07-31,0.96,678,2124,2026-07-29 10:04:39
INTC,.INTC260731C95,CALL,95.00,2026-07-31,0.45,3147,5925,2026-07-29 10:04:39
INTC,.INTC260731C100,CALL,100.00,2026-07-31,0.15,2702,10287,2026-07-29 10:04:39
INTC,.INTC260803C88,CALL,88.00,2026-08-03,2.40,6614,285,2026-07-29 10:04:39
INTC,.INTC260729P79,PUT,79.00,2026-07-29,0.06,759,1060,2026-07-29 10:04:39
INTC,.INTC260729P80,PUT,80.00,2026-07-29,0.07,839,1869,2026-07-29 10:04:39
INTC,.INTC260729P82,PUT,82.00,2026-07-29,0.22,716,2376,2026-07-29 10:04:39
INTC,.INTC260729P83,PUT,83.00,2026-07-29,0.34,884,2044,2026-07-29 10:04:39
INTC,.INTC260729P84,PUT,84.00,2026-07-29,0.61,2603,1191,2026-07-29 10:04:39
INTC,.INTC260729P85,PUT,85.00,2026-07-29,0.95,2963,2678,2026-07-29 10:04:39
INTC,.INTC260729P86,PUT,86.00,2026-07-29,1.40,2258,778,2026-07-29 10:04:39
INTC,.INTC260729P87,PUT,87.00,2026-07-29,1.93,1494,1586,2026-07-29 10:04:39
INTC,.INTC260729P88,PUT,88.00,2026-07-29,2.79,554,1515,2026-07-29 10:04:39
INTC,.INTC260731P80,PUT,80.00,2026-07-31,1.03,571,7387,2026-07-29 10:04:39
INTC,.INTC260731P81,PUT,81.00,2026-07-31,1.45,648,905,2026-07-29 10:04:39
INTC,.INTC260731P83,PUT,83.00,2026-07-31,1.88,816,1639,2026-07-29 10:04:39
INTC,.INTC260731P85,PUT,85.00,2026-07-31,2.68,507,5132,2026-07-29 10:04:39
INTC,.INTC260731P86,PUT,86.00,2026-07-31,3.00,629,2003,2026-07-29 10:04:39
INTC,.INTC260731P90,PUT,90.00,2026-07-31,6.00,3301,13762,2026-07-29 10:04:39
SPCX,.SPCX260731C114,CALL,114.00,2026-07-31,4.10,602,2011,2026-07-29 10:04:39
SPCX,.SPCX260731C115,CALL,115.00,2026-07-31,3.61,2039,11096,2026-07-29 10:04:39
SPCX,.SPCX260731C116,CALL,116.00,2026-07-31,3.30,551,1815,2026-07-29 10:04:39
SPCX,.SPCX260731C117,CALL,117.00,2026-07-31,2.95,1372,1950,2026-07-29 10:04:39
SPCX,.SPCX260731C118,CALL,118.00,2026-07-31,2.71,984,1765,2026-07-29 10:04:39
SPCX,.SPCX260731C120,CALL,120.00,2026-07-31,2.15,2775,12501,2026-07-29 10:04:39
SPCX,.SPCX260731C124,CALL,124.00,2026-07-31,1.33,542,2161,2026-07-29 10:04:39
SPCX,.SPCX260731C125,CALL,125.00,2026-07-31,1.24,2618,11184,2026-07-29 10:04:39
SPCX,.SPCX260731C130,CALL,130.00,2026-07-31,0.79,609,13249,2026-07-29 10:04:39
SPCX,.SPCX260731P100,PUT,100.00,2026-07-31,0.37,1004,23879,2026-07-29 10:04:39
SPCX,.SPCX260731P105,PUT,105.00,2026-07-31,1.00,1733,7354,2026-07-29 10:04:39
SPCX,.SPCX260731P106,PUT,106.00,2026-07-31,1.19,565,7098,2026-07-29 10:04:39
SPCX,.SPCX260731P107,PUT,107.00,2026-07-31,1.45,1352,5324,2026-07-29 10:04:39
SPCX,.SPCX260731P110,PUT,110.00,2026-07-31,2.35,3895,14870,2026-07-29 10:04:39
SPCX,.SPCX260731P112,PUT,112.00,2026-07-31,3.25,1260,5904,2026-07-29 10:04:39
SPCX,.SPCX260731P113,PUT,113.00,2026-07-31,3.70,1788,3846,2026-07-29 10:04:39
SPCX,.SPCX260731P114,PUT,114.00,2026-07-31,4.25,1451,2000,2026-07-29 10:04:39
SPCX,.SPCX260731P115,PUT,115.00,2026-07-31,4.80,1127,17518,2026-07-29 10:04:39
SPCX,.SPCX260731P117,PUT,117.00,2026-07-31,6.12,579,1655,2026-07-29 10:04:39
SPCX,.SPCX260807P100,PUT,100.00,2026-08-07,4.70,912,14049,2026-07-29 10:04:39
SPCX,.SPCX260807P115,PUT,115.00,2026-08-07,11.70,2964,13293,2026-07-29 10:04:39
SPCX,.SPCX260814P115,PUT,115.00,2026-08-14,13.30,782,2325,2026-07-29 10:04:39
SPCX,.SPCX260821P110,PUT,110.00,2026-08-21,11.70,1848,15894,2026-07-29 10:04:39
SMCI,.SMCI260731C32,CALL,32.00,2026-07-31,0.06,1109,12321,2026-07-29 10:04:39
SMCI,.SMCI260807C28.5,CALL,28.50,2026-08-07,1.24,5017,404,2026-07-29 10:04:39
SMCI,.SMCI260807C30.5,CALL,30.50,2026-08-07,0.63,5061,707,2026-07-29 10:04:39
SMCI,.SMCI260731P27,PUT,27.00,2026-07-31,0.62,646,2805,2026-07-29 10:04:39
SMCI,.SMCI260731P27.5,PUT,27.50,2026-07-31,0.89,1404,2021,2026-07-29 10:04:39
SMCI,.SMCI260821P27.5,PUT,27.50,2026-08-21,2.68,860,738,2026-07-29 10:04:39
SMCI,.SMCI260821P28,PUT,28.00,2026-08-21,3.05,1012,5890,2026-07-29 10:04:39
MRVL,.MRVL260731C175,CALL,175.00,2026-07-31,7.08,513,1833,2026-07-29 10:04:39
MRVL,.MRVL260821C215,CALL,215.00,2026-08-21,4.18,1162,1206,2026-07-29 10:04:39
MRVL,.MRVL260821P120,PUT,120.00,2026-08-21,1.49,925,3075,2026-07-29 10:04:39
IREN,.IREN260731C32.5,CALL,32.50,2026-07-31,1.66,543,209,2026-07-29 10:04:39
IREN,.IREN260731C33,CALL,33.00,2026-07-31,1.46,540,760,2026-07-29 10:04:39
IREN,.IREN260731C34,CALL,34.00,2026-07-31,1.08,1178,1868,2026-07-29 10:04:39
IREN,.IREN260731C38,CALL,38.00,2026-07-31,0.24,697,10888,2026-07-29 10:04:39
IREN,.IREN260731P30,PUT,30.00,2026-07-31,0.75,620,17576,2026-07-29 10:04:39
NVDA,.NVDA260729C170,CALL,170.00,2026-07-29,25.97,650,126,2026-07-29 10:04:39
NVDA,.NVDA260729C182.5,CALL,182.50,2026-07-29,11.82,1018,320,2026-07-29 10:04:39
NVDA,.NVDA260729C187.5,CALL,187.50,2026-07-29,6.10,1007,1752,2026-07-29 10:04:39
NVDA,.NVDA260729C190,CALL,190.00,2026-07-29,3.65,1091,1143,2026-07-29 10:04:39
NVDA,.NVDA260729C192.5,CALL,192.50,2026-07-29,1.94,4386,2110,2026-07-29 10:04:39
NVDA,.NVDA260729C195,CALL,195.00,2026-07-29,0.82,23890,8036,2026-07-29 10:04:39
NVDA,.NVDA260729C197.5,CALL,197.50,2026-07-29,0.27,44809,20309,2026-07-29 10:04:39
NVDA,.NVDA260729C200,CALL,200.00,2026-07-29,0.11,57918,25622,2026-07-29 10:04:39
NVDA,.NVDA260729C202.5,CALL,202.50,2026-07-29,0.05,20772,21777,2026-07-29 10:04:39
NVDA,.NVDA260729C205,CALL,205.00,2026-07-29,0.02,9449,23168,2026-07-29 10:04:39
NVDA,.NVDA260729C207.5,CALL,207.50,2026-07-29,0.02,3517,12732,2026-07-29 10:04:39
NVDA,.NVDA260729C210,CALL,210.00,2026-07-29,0.01,2763,28357,2026-07-29 10:04:39
NVDA,.NVDA260729C212.5,CALL,212.50,2026-07-29,0.01,844,9074,2026-07-29 10:04:39
NVDA,.NVDA260731C182.5,CALL,182.50,2026-07-31,11.49,580,790,2026-07-29 10:04:39
NVDA,.NVDA260731C185,CALL,185.00,2026-07-31,9.07,2388,1709,2026-07-29 10:04:39
NVDA,.NVDA260731C187.5,CALL,187.50,2026-07-31,7.09,2716,812,2026-07-29 10:04:39
NVDA,.NVDA260731C190,CALL,190.00,2026-07-31,5.25,1003,5095,2026-07-29 10:04:39
NVDA,.NVDA260731C192.5,CALL,192.50,2026-07-31,3.70,1147,1169,2026-07-29 10:04:39
NVDA,.NVDA260731C195,CALL,195.00,2026-07-31,2.60,6107,11183,2026-07-29 10:04:39
NVDA,.NVDA260731C197.5,CALL,197.50,2026-07-31,1.63,4100,24238,2026-07-29 10:04:39
NVDA,.NVDA260731C200,CALL,200.00,2026-07-31,1.00,9950,37962,2026-07-29 10:04:39
NVDA,.NVDA260731C202.5,CALL,202.50,2026-07-31,0.58,4339,19586,2026-07-29 10:04:39
NVDA,.NVDA260731C205,CALL,205.00,2026-07-31,0.39,6710,40031,2026-07-29 10:04:39
NVDA,.NVDA260731C207.5,CALL,207.50,2026-07-31,0.22,5550,32223,2026-07-29 10:04:39
NVDA,.NVDA260731C210,CALL,210.00,2026-07-31,0.14,5989,47379,2026-07-29 10:04:39
NVDA,.NVDA260731C212.5,CALL,212.50,2026-07-31,0.11,825,37484,2026-07-29 10:04:39
NVDA,.NVDA260731C215,CALL,215.00,2026-07-31,0.08,3489,89681,2026-07-29 10:04:39
NVDA,.NVDA260731C220,CALL,220.00,2026-07-31,0.04,3320,50189,2026-07-29 10:04:39
NVDA,.NVDA260803C200,CALL,200.00,2026-08-03,1.56,856,2324,2026-07-29 10:04:39
NVDA,.NVDA260803C202.5,CALL,202.50,2026-08-03,0.95,1059,2233,2026-07-29 10:04:39
NVDA,.NVDA260803C205,CALL,205.00,2026-08-03,0.62,1145,3200,2026-07-29 10:04:39
NVDA,.NVDA260803C215,CALL,215.00,2026-08-03,0.11,501,2457,2026-07-29 10:04:39
NVDA,.NVDA260805C205,CALL,205.00,2026-08-05,1.07,1515,2210,2026-07-29 10:04:39
NVDA,.NVDA260807C195,CALL,195.00,2026-08-07,4.75,1600,10155,2026-07-29 10:04:39
NVDA,.NVDA260807C200,CALL,200.00,2026-08-07,2.69,6588,10705,2026-07-29 10:04:39
NVDA,.NVDA260807C205,CALL,205.00,2026-08-07,1.45,1270,9510,2026-07-29 10:04:39
NVDA,.NVDA260807C207.5,CALL,207.50,2026-08-07,1.05,5540,7612,2026-07-29 10:04:39
NVDA,.NVDA260807C210,CALL,210.00,2026-08-07,0.77,830,14703,2026-07-29 10:04:39
NVDA,.NVDA260807C230,CALL,230.00,2026-08-07,0.09,1037,9691,2026-07-29 10:04:39
NVDA,.NVDA260814C202.5,CALL,202.50,2026-08-14,3.24,516,6667,2026-07-29 10:04:39
NVDA,.NVDA260814C210,CALL,210.00,2026-08-14,1.50,746,5050,2026-07-29 10:04:39
NVDA,.NVDA260814C215,CALL,215.00,2026-08-14,0.90,650,4006,2026-07-29 10:04:39
NVDA,.NVDA260821C195,CALL,195.00,2026-08-21,7.40,768,14390,2026-07-29 10:04:39
NVDA,.NVDA260821C200,CALL,200.00,2026-08-21,5.25,1725,34051,2026-07-29 10:04:39
NVDA,.NVDA260821C205,CALL,205.00,2026-08-21,3.50,993,23355,2026-07-29 10:04:39
NVDA,.NVDA260821C210,CALL,210.00,2026-08-21,2.32,1544,40039,2026-07-29 10:04:39
NVDA,.NVDA260821C215,CALL,215.00,2026-08-21,1.48,12645,48960,2026-07-29 10:04:39
NVDA,.NVDA260821C220,CALL,220.00,2026-08-21,0.91,3945,58036,2026-07-29 10:04:39
NVDA,.NVDA260821C240,CALL,240.00,2026-08-21,0.23,2417,37818,2026-07-29 10:04:39
NVDA,.NVDA260828C210,CALL,210.00,2026-08-28,4.25,866,7353,2026-07-29 10:04:39
NVDA,.NVDA260828C220,CALL,220.00,2026-08-28,2.21,764,7506,2026-07-29 10:04:39
NVDA,.NVDA260729P182.5,PUT,182.50,2026-07-29,0.02,2186,3160,2026-07-29 10:04:39
NVDA,.NVDA260729P185,PUT,185.00,2026-07-29,0.07,3467,9753,2026-07-29 10:04:39
NVDA,.NVDA260729P187.5,PUT,187.50,2026-07-29,0.17,13147,5758,2026-07-29 10:04:39
NVDA,.NVDA260729P190,PUT,190.00,2026-07-29,0.45,46413,30663,2026-07-29 10:04:39
NVDA,.NVDA260729P192.5,PUT,192.50,2026-07-29,1.16,50938,14946,2026-07-29 10:04:39
NVDA,.NVDA260729P195,PUT,195.00,2026-07-29,2.58,28744,14498,2026-07-29 10:04:39
NVDA,.NVDA260729P197.5,PUT,197.50,2026-07-29,4.58,5664,7972,2026-07-29 10:04:39
NVDA,.NVDA260729P200,PUT,200.00,2026-07-29,6.92,1550,8808,2026-07-29 10:04:39
NVDA,.NVDA260729P205,PUT,205.00,2026-07-29,12.11,550,7362,2026-07-29 10:04:39
NVDA,.NVDA260729P207.5,PUT,207.50,2026-07-29,14.22,640,1095,2026-07-29 10:04:39
NVDA,.NVDA260731P182.5,PUT,182.50,2026-07-31,0.46,532,6838,2026-07-29 10:04:39
NVDA,.NVDA260731P185,PUT,185.00,2026-07-31,0.83,2187,14779,2026-07-29 10:04:39
NVDA,.NVDA260731P187.5,PUT,187.50,2026-07-31,1.26,2217,7800,2026-07-29 10:04:39
NVDA,.NVDA260731P190,PUT,190.00,2026-07-31,1.97,8814,26473,2026-07-29 10:04:39
NVDA,.NVDA260731P192.5,PUT,192.50,2026-07-31,2.94,5617,10082,2026-07-29 10:04:39
NVDA,.NVDA260731P195,PUT,195.00,2026-07-31,4.20,5095,26343,2026-07-29 10:04:39
NVDA,.NVDA260731P197.5,PUT,197.50,2026-07-31,5.78,1615,8537,2026-07-29 10:04:39
NVDA,.NVDA260731P200,PUT,200.00,2026-07-31,7.55,2056,14424,2026-07-29 10:04:39
NVDA,.NVDA260731P202.5,PUT,202.50,2026-07-31,9.67,1293,5277,2026-07-29 10:04:39
NVDA,.NVDA260731P205,PUT,205.00,2026-07-31,12.02,3782,19482,2026-07-29 10:04:39
NVDA,.NVDA260731P207.5,PUT,207.50,2026-07-31,14.49,1277,6832,2026-07-29 10:04:39
NVDA,.NVDA260731P210,PUT,210.00,2026-07-31,16.93,897,7291,2026-07-29 10:04:39
NVDA,.NVDA260731P212.5,PUT,212.50,2026-07-31,19.20,782,1963,2026-07-29 10:04:39
NVDA,.NVDA260731P215,PUT,215.00,2026-07-31,21.80,1522,3652,2026-07-29 10:04:39
NVDA,.NVDA260803P180,PUT,180.00,2026-08-03,0.48,1719,2080,2026-07-29 10:04:39
NVDA,.NVDA260807P180,PUT,180.00,2026-08-07,1.39,1220,74127,2026-07-29 10:04:39
NVDA,.NVDA260807P185,PUT,185.00,2026-08-07,2.46,5661,14497,2026-07-29 10:04:39
NVDA,.NVDA260807P190,PUT,190.00,2026-08-07,4.05,1187,11557,2026-07-29 10:04:39
NVDA,.NVDA260807P195,PUT,195.00,2026-08-07,6.10,792,5312,2026-07-29 10:04:39
NVDA,.NVDA260807P205,PUT,205.00,2026-08-07,13.10,1871,6154,2026-07-29 10:04:39
NVDA,.NVDA260814P185,PUT,185.00,2026-08-14,3.60,548,10072,2026-07-29 10:04:39
NVDA,.NVDA260821P180,PUT,180.00,2026-08-21,3.30,1459,46711,2026-07-29 10:04:39
NVDA,.NVDA260821P182.5,PUT,182.50,2026-08-21,3.95,3082,2251,2026-07-29 10:04:39
NVDA,.NVDA260821P190,PUT,190.00,2026-08-21,6.35,681,48130,2026-07-29 10:04:39
NVDA,.NVDA260821P200,PUT,200.00,2026-08-21,11.60,527,42849,2026-07-29 10:04:39
NVDA,.NVDA260821P210,PUT,210.00,2026-08-21,18.57,526,25327,2026-07-29 10:04:39
NVDA,.NVDA260828P180,PUT,180.00,2026-08-28,5.00,573,2389,2026-07-29 10:04:39
NVDA,.NVDA260828P190,PUT,190.00,2026-08-28,8.55,573,2112,2026-07-29 10:04:39
MU,.MU260729C800,CALL,800.00,2026-07-29,19.11,4702,939,2026-07-29 10:04:39
MU,.MU260729C805,CALL,805.00,2026-07-29,16.28,814,263,2026-07-29 10:04:39
MU,.MU260729C810,CALL,810.00,2026-07-29,13.80,1408,585,2026-07-29 10:04:39
MU,.MU260729C815,CALL,815.00,2026-07-29,11.02,2130,624,2026-07-29 10:04:39
MU,.MU260729C820,CALL,820.00,2026-07-29,9.00,4439,855,2026-07-29 10:04:39
MU,.MU260729C825,CALL,825.00,2026-07-29,7.30,1389,1476,2026-07-29 10:04:39
MU,.MU260729C830,CALL,830.00,2026-07-29,5.70,2515,1665,2026-07-29 10:04:39
MU,.MU260729C835,CALL,835.00,2026-07-29,4.65,1477,401,2026-07-29 10:04:39
MU,.MU260729C840,CALL,840.00,2026-07-29,3.62,4433,564,2026-07-29 10:04:39
MU,.MU260729C845,CALL,845.00,2026-07-29,2.72,977,417,2026-07-29 10:04:39
MU,.MU260729C850,CALL,850.00,2026-07-29,2.29,7312,2053,2026-07-29 10:04:39
MU,.MU260729C855,CALL,855.00,2026-07-29,1.70,1044,288,2026-07-29 10:04:39
MU,.MU260729C860,CALL,860.00,2026-07-29,1.28,1997,773,2026-07-29 10:04:39
MU,.MU260729C865,CALL,865.00,2026-07-29,0.94,535,449,2026-07-29 10:04:39
MU,.MU260729C870,CALL,870.00,2026-07-29,0.80,1738,743,2026-07-29 10:04:39
MU,.MU260729C875,CALL,875.00,2026-07-29,0.59,5918,3540,2026-07-29 10:04:39
MU,.MU260729C880,CALL,880.00,2026-07-29,0.45,4928,5292,2026-07-29 10:04:39
MU,.MU260729C885,CALL,885.00,2026-07-29,0.35,726,656,2026-07-29 10:04:39
MU,.MU260729C890,CALL,890.00,2026-07-29,0.33,919,897,2026-07-29 10:04:39
MU,.MU260729C895,CALL,895.00,2026-07-29,0.24,551,1186,2026-07-29 10:04:39
MU,.MU260729C900,CALL,900.00,2026-07-29,0.21,6740,6131,2026-07-29 10:04:39
MU,.MU260731C800,CALL,800.00,2026-07-31,38.25,1363,5796,2026-07-29 10:04:39
MU,.MU260731C820,CALL,820.00,2026-07-31,27.44,513,578,2026-07-29 10:04:39
MU,.MU260731C830,CALL,830.00,2026-07-31,24.00,643,1583,2026-07-29 10:04:39
MU,.MU260731C840,CALL,840.00,2026-07-31,19.33,560,253,2026-07-29 10:04:39
MU,.MU260731C850,CALL,850.00,2026-07-31,16.00,1335,2379,2026-07-29 10:04:39
MU,.MU260731C880,CALL,880.00,2026-07-31,8.63,2255,1475,2026-07-29 10:04:39
MU,.MU260731C900,CALL,900.00,2026-07-31,5.73,1983,5423,2026-07-29 10:04:39
MU,.MU260807C800,CALL,800.00,2026-08-07,61.00,993,1241,2026-07-29 10:04:39
MU,.MU260807C900,CALL,900.00,2026-08-07,22.00,625,709,2026-07-29 10:04:39
MU,.MU260729P735,PUT,735.00,2026-07-29,0.40,1046,579,2026-07-29 10:04:39
MU,.MU260729P740,PUT,740.00,2026-07-29,0.63,976,726,2026-07-29 10:04:39
MU,.MU260729P750,PUT,750.00,2026-07-29,0.96,4755,4193,2026-07-29 10:04:39
MU,.MU260729P755,PUT,755.00,2026-07-29,1.15,708,462,2026-07-29 10:04:39
MU,.MU260729P760,PUT,760.00,2026-07-29,1.48,1522,612,2026-07-29 10:04:39
MU,.MU260729P765,PUT,765.00,2026-07-29,1.75,890,615,2026-07-29 10:04:39
MU,.MU260729P770,PUT,770.00,2026-07-29,2.56,1788,838,2026-07-29 10:04:39
MU,.MU260729P775,PUT,775.00,2026-07-29,3.23,1598,687,2026-07-29 10:04:39
MU,.MU260729P780,PUT,780.00,2026-07-29,3.95,3410,523,2026-07-29 10:04:39
MU,.MU260729P785,PUT,785.00,2026-07-29,5.15,800,557,2026-07-29 10:04:39
MU,.MU260729P790,PUT,790.00,2026-07-29,6.28,1407,699,2026-07-29 10:04:39
MU,.MU260729P795,PUT,795.00,2026-07-29,7.76,1232,398,2026-07-29 10:04:39
MU,.MU260729P800,PUT,800.00,2026-07-29,9.30,6036,2314,2026-07-29 10:04:39
MU,.MU260729P805,PUT,805.00,2026-07-29,11.32,1429,758,2026-07-29 10:04:39
MU,.MU260729P810,PUT,810.00,2026-07-29,13.55,2514,1278,2026-07-29 10:04:39
MU,.MU260729P815,PUT,815.00,2026-07-29,16.80,1564,706,2026-07-29 10:04:39
MU,.MU260729P820,PUT,820.00,2026-07-29,19.40,1503,2008,2026-07-29 10:04:39
MU,.MU260729P825,PUT,825.00,2026-07-29,23.00,696,283,2026-07-29 10:04:39
MU,.MU260729P830,PUT,830.00,2026-07-29,26.90,790,595,2026-07-29 10:04:39
MU,.MU260731P750,PUT,750.00,2026-07-31,11.16,574,9471,2026-07-29 10:04:39
MU,.MU260731P800,PUT,800.00,2026-07-31,28.14,1939,9090,2026-07-29 10:04:39
MU,.MU260731P820,PUT,820.00,2026-07-31,38.00,807,9011,2026-07-29 10:04:39
MU,.MU260731P850,PUT,850.00,2026-07-31,55.26,848,5700,2026-07-29 10:04:39
MU,.MU260821P700,PUT,700.00,2026-08-21,33.35,585,10357,2026-07-29 10:04:39
MU,.MU260821P750,PUT,750.00,2026-08-21,50.70,798,4835,2026-07-29 10:04:39
ALAB,.ALAB260731C270,CALL,270.00,2026-07-31,7.53,1019,117,2026-07-29 10:04:39
ALAB,.ALAB260731C292.5,CALL,292.50,2026-07-31,2.59,1043,1117,2026-07-29 10:04:39
ALAB,.ALAB260731P230,PUT,230.00,2026-07-31,3.71,1018,335,2026-07-29 10:04:39
ALAB,.ALAB260731P242.5,PUT,242.50,2026-07-31,7.11,1016,973,2026-07-29 10:04:39
AMAT,.AMAT260731C487.5,CALL,487.50,2026-07-31,7.30,776,92,2026-07-29 10:04:39
LRCX,.LRCX260731C280,CALL,280.00,2026-07-31,7.86,874,305,2026-07-29 10:04:39
LRCX,.LRCX260731C300,CALL,300.00,2026-07-31,2.87,1731,1813,2026-07-29 10:04:39
LRCX,.LRCX260731P250,PUT,250.00,2026-07-31,8.16,1128,1693,2026-07-29 10:04:39
LRCX,.LRCX260731P277.5,PUT,277.50,2026-07-31,19.14,1081,1124,2026-07-29 10:04:39
AMD,.AMD260729C450,CALL,450.00,2026-07-29,3.33,1936,406,2026-07-29 10:04:39
AMD,.AMD260729C452.5,CALL,452.50,2026-07-29,2.70,1297,448,2026-07-29 10:04:39
AMD,.AMD260729C455,CALL,455.00,2026-07-29,2.38,990,487,2026-07-29 10:04:39
AMD,.AMD260729C457.5,CALL,457.50,2026-07-29,1.68,2170,3418,2026-07-29 10:04:39
AMD,.AMD260729C460,CALL,460.00,2026-07-29,1.24,1851,1051,2026-07-29 10:04:39
AMD,.AMD260729C465,CALL,465.00,2026-07-29,0.77,1160,1494,2026-07-29 10:04:39
AMD,.AMD260729C470,CALL,470.00,2026-07-29,0.46,1288,1366,2026-07-29 10:04:39
AMD,.AMD260729C475,CALL,475.00,2026-07-29,0.30,664,680,2026-07-29 10:04:39
AMD,.AMD260729C480,CALL,480.00,2026-07-29,0.13,911,2480,2026-07-29 10:04:39
AMD,.AMD260729C485,CALL,485.00,2026-07-29,0.10,549,835,2026-07-29 10:04:39
AMD,.AMD260731C450,CALL,450.00,2026-07-31,11.50,680,2787,2026-07-29 10:04:39
AMD,.AMD260731C460,CALL,460.00,2026-07-31,7.95,676,1231,2026-07-29 10:04:39
AMD,.AMD260731C485,CALL,485.00,2026-07-31,2.52,2087,2305,2026-07-29 10:04:39
AMD,.AMD260729P417.5,PUT,417.50,2026-07-29,0.34,513,358,2026-07-29 10:04:39
AMD,.AMD260729P420,PUT,420.00,2026-07-29,0.47,843,1014,2026-07-29 10:04:39
AMD,.AMD260729P425,PUT,425.00,2026-07-29,0.81,1278,633,2026-07-29 10:04:39
AMD,.AMD260729P430,PUT,430.00,2026-07-29,1.42,1425,1254,2026-07-29 10:04:39
AMD,.AMD260729P432.5,PUT,432.50,2026-07-29,1.85,511,164,2026-07-29 10:04:39
AMD,.AMD260729P435,PUT,435.00,2026-07-29,2.25,2867,549,2026-07-29 10:04:39
AMD,.AMD260729P437.5,PUT,437.50,2026-07-29,3.20,530,348,2026-07-29 10:04:39
AMD,.AMD260729P440,PUT,440.00,2026-07-29,4.16,2621,1230,2026-07-29 10:04:39
AMD,.AMD260729P442.5,PUT,442.50,2026-07-29,5.12,1157,803,2026-07-29 10:04:39
AMD,.AMD260729P445,PUT,445.00,2026-07-29,5.90,798,1298,2026-07-29 10:04:39
AMD,.AMD260729P447.5,PUT,447.50,2026-07-29,7.60,1152,628,2026-07-29 10:04:39
AMD,.AMD260729P450,PUT,450.00,2026-07-29,9.00,2811,3064,2026-07-29 10:04:39
AMD,.AMD260729P452.5,PUT,452.50,2026-07-29,11.98,782,1715,2026-07-29 10:04:39
AMD,.AMD260731P400,PUT,400.00,2026-07-31,2.02,3469,18955,2026-07-29 10:04:39
AMD,.AMD260731P440,PUT,440.00,2026-07-31,12.00,1032,2108,2026-07-29 10:04:39
AMD,.AMD260731P447.5,PUT,447.50,2026-07-31,17.65,601,546,2026-07-29 10:04:39
AMD,.AMD260731P450,PUT,450.00,2026-07-31,17.55,1129,4714,2026-07-29 10:04:39
SKHY,.SKHY260731C130,CALL,130.00,2026-07-31,9.00,1429,2091,2026-07-29 10:04:39
SKHY,.SKHY260731C132,CALL,132.00,2026-07-31,7.99,1133,525,2026-07-29 10:04:39
SKHY,.SKHY260731C135,CALL,135.00,2026-07-31,6.26,2559,2041,2026-07-29 10:04:39
SKHY,.SKHY260731C140,CALL,140.00,2026-07-31,4.00,7132,8833,2026-07-29 10:04:39
SKHY,.SKHY260731C145,CALL,145.00,2026-07-31,2.70,1166,1349,2026-07-29 10:04:39
SKHY,.SKHY260731C150,CALL,150.00,2026-07-31,1.68,2512,5755,2026-07-29 10:04:39
SKHY,.SKHY260731C155,CALL,155.00,2026-07-31,0.95,1777,6605,2026-07-29 10:04:39
SKHY,.SKHY260731C160,CALL,160.00,2026-07-31,0.63,1431,3485,2026-07-29 10:04:39
SKHY,.SKHY260731P115,PUT,115.00,2026-07-31,0.89,714,2967,2026-07-29 10:04:39
SKHY,.SKHY260731P116,PUT,116.00,2026-07-31,1.05,517,971,2026-07-29 10:04:39
SKHY,.SKHY260731P120,PUT,120.00,2026-07-31,1.40,1008,18529,2026-07-29 10:04:39
SKHY,.SKHY260731P125,PUT,125.00,2026-07-31,2.40,761,1838,2026-07-29 10:04:39
SKHY,.SKHY260731P130,PUT,130.00,2026-07-31,4.10,1458,2751,2026-07-29 10:04:39
SKHY,.SKHY260731P133,PUT,133.00,2026-07-31,5.19,526,352,2026-07-29 10:04:39
SKHY,.SKHY260731P135,PUT,135.00,2026-07-31,6.20,520,7902,2026-07-29 10:04:39
SKHY,.SKHY260821P110,PUT,110.00,2026-08-21,6.00,558,9046,2026-07-29 10:04:39
SKHY,.SKHY260821P140,PUT,140.00,2026-08-21,18.65,529,2017,2026-07-29 10:04:39
SOXL,.SOXL260731C110,CALL,110.00,2026-07-31,6.14,1015,1063,2026-07-29 10:04:39
SOXL,.SOXL260731C120,CALL,120.00,2026-07-31,2.85,1263,2286,2026-07-29 10:04:39
SOXL,.SOXL260731P90,PUT,90.00,2026-07-31,3.46,1251,9403,2026-07-29 10:04:39
SOXL,.SOXL260731P95,PUT,95.00,2026-07-31,4.85,978,5514,2026-07-29 10:04:39
SOXL,.SOXL260731P100,PUT,100.00,2026-07-31,6.65,855,13161,2026-07-29 10:04:39
SOXL,.SOXL260807P90,PUT,90.00,2026-08-07,7.72,716,2347,2026-07-29 10:04:39
SOXL,.SOXL260814P90,PUT,90.00,2026-08-14,11.50,809,790,2026-07-29 10:04:39
SNDK,.SNDK260731C1050,CALL,1050.00,2026-07-31,70.80,1080,88,2026-07-29 10:04:39
SNDK,.SNDK260731C1100,CALL,1100.00,2026-07-31,45.05,762,800,2026-07-29 10:04:39
SNDK,.SNDK260731C1150,CALL,1150.00,2026-07-31,28.70,659,340,2026-07-29 10:04:39
SNDK,.SNDK260731P1000,PUT,1000.00,2026-07-31,34.30,1278,4436,2026-07-29 10:04:39
SNDK,.SNDK260731P1050,PUT,1050.00,2026-07-31,55.00,1136,1390,2026-07-29 10:04:39
SNDK,.SNDK260731P1100,PUT,1100.00,2026-07-31,81.16,661,7945,2026-07-29 10:04:39
WMT,.WMT260731C114,CALL,114.00,2026-07-31,0.70,1401,1381,2026-07-29 10:04:39
WMT,.WMT260731C115,CALL,115.00,2026-07-31,0.40,958,3966,2026-07-29 10:04:39
WMT,.WMT260731C116,CALL,116.00,2026-07-31,0.23,624,1971,2026-07-29 10:04:39
WMT,.WMT260731P113,PUT,113.00,2026-07-31,1.15,581,924,2026-07-29 10:04:39
GLW,.GLW260731C120,CALL,120.00,2026-07-31,11.50,957,979,2026-07-29 10:04:39
GLW,.GLW260731C130,CALL,130.00,2026-07-31,4.45,903,1140,2026-07-29 10:04:39
GLW,.GLW260731C133,CALL,133.00,2026-07-31,3.15,504,92,2026-07-29 10:04:39
GLW,.GLW260731C140,CALL,140.00,2026-07-31,1.44,607,444,2026-07-29 10:04:39
KO,.KO260731C90,CALL,90.00,2026-07-31,0.98,2451,2471,2026-07-29 10:04:39
KO,.KO260731C91,CALL,91.00,2026-07-31,0.53,3117,1528,2026-07-29 10:04:39
KO,.KO260731C92,CALL,92.00,2026-07-31,0.26,3001,2185,2026-07-29 10:04:39
KO,.KO260731P87,PUT,87.00,2026-07-31,0.10,534,401,2026-07-29 10:04:39
KO,.KO260731P88,PUT,88.00,2026-07-31,0.20,649,754,2026-07-29 10:04:39
KO,.KO260731P90,PUT,90.00,2026-07-31,0.79,587,1392,2026-07-29 10:04:39
KO,.KO260807P85,PUT,85.00,2026-08-07,0.12,763,598,2026-07-29 10:04:39
XLP,.XLP260821P85,PUT,85.00,2026-08-21,0.63,1962,6468,2026-07-29 10:04:39
