Signal,Ticker,NetGainPct,NetGainDelta,VolFactor,VolFactorDelta,Last,Open,High,Low,HHCount,MaxVolOp,OI,OptionVolume,VolOIRatio,OptionLast,PremiumEstimate,DaysToExpiry,Score,ScoreDelta,Grade,TradeReady,AddedAt,UpdatedAt
HH,SEDG,3.17683441102053,0.0,4.628651841340009,0.0,36.7,35.57,37.54,29.91,29,.SEDG260911C37,598,2266,3.789297658862876,0.69,156354.0,-16,79.9,0.0,B,NO,2026-09-27T16:19:09+00:00,2026-09-27T16:19:09+00:00
LL,ADBE,-1.0642945077637929,-2.23,2.4921373746011755,1.19,249.13,251.81,255.0,247.2,27,.ADBE260911P230,1155,3877,3.3567099567099565,2.84,1101068.0,-16,62.9,11.3,C,NO,2026-09-27T16:19:09+00:00,2026-09-27T16:19:09+00:00
LL,ORCL,-3.0301113360324017,0.0,2.4218444711525775,0.0,153.29,158.08,159.22,153.26,23,.ORCL260911P140,5508,14940,2.712418300653595,2.9,4332600.0,-16,80.4,0.0,B,NO,2026-09-27T16:19:09+00:00,2026-09-27T16:19:09+00:00
HH,AAPL,3.1241115709005864,0.0,2.291120106911375,0.0,326.46,316.57,326.46,316.56,32,.AAPL260911C325,24575,319452,12.999064089521871,2.48,79224096.0,-16,80.3,0.0,B,NO,2026-09-27T16:19:09+00:00,2026-09-27T16:19:09+00:00
HH,SPCX,2.0679671882539465,0.0,2.1257574148680516,0.0,148.07,145.07,154.7,144.89,32,.SPCX260911C155,14669,87888,5.991410457427228,0.3,2636640.0,-16,70.7,0.0,B,NO,2026-09-27T16:19:09+00:00,2026-09-27T16:19:09+00:00
HH,RDDT,6.504065040650393,0.73,2.1031861096515407,1.15,155.89,146.37,156.95,144.8,32,.RDDT260918C170,4120,3807,0.9240291262135922,1.55,590085.0,-9,83.6,25.1,B,NO,2026-09-27T16:19:09+00:00,2026-09-27T16:19:09+00:00
LL,IBM,-1.9427231619494285,0.0,2.031533556372334,0.0,234.2,238.84,242.31,231.83,26,.IBM260918P230,4547,2253,0.4954915328788212,3.16,711948.0,-9,52.3,0.0,C,NO,2026-09-27T16:19:09+00:00,2026-09-27T16:19:09+00:00
LL,CRWV,-0.9666666666666718,0.0,1.785589832837337,0.0,89.13,90.0,92.19,88.73,22,.CRWV260911P90,2274,9778,4.299912049252419,2.28,2229383.9999999995,-16,59.6,0.0,C,NO,2026-09-27T16:19:09+00:00,2026-09-27T16:19:09+00:00
LL,SKHY,-0.4854368932038919,0.0,1.7485854361235678,0.0,188.6,189.52,193.55,187.17,13,.SKHY260911P190,4578,10739,2.3457841852337267,2.98,3200222.0,-16,50.3,0.0,C,NO,2026-09-27T16:19:09+00:00,2026-09-27T16:19:09+00:00
HH,GME,2.5615268709191437,0.0,1.7342338686081784,0.0,20.42,19.91,20.52,19.6,32,.GME260911C20.5,6735,18656,2.770007423904974,0.19,354464.0,-16,72.1,0.0,B,NO,2026-09-27T16:19:09+00:00,2026-09-27T16:19:09+00:00
HH,FSLR,4.227265864828144,0.0,1.7075794868716279,0.0,207.11,198.71,208.75,197.1,32,.FSLR260911C207.5,311,6854,22.038585209003216,2.24,1535296.0,-16,85.2,0.0,A+,NO,2026-09-27T16:19:09+00:00,2026-09-27T16:19:09+00:00
HH,RKLB,0.6329113924050642,4.88,1.515693002311566,0.14,62.01,61.62,64.9,61.57,32,.RKLB260911C65,2289,8066,3.5238095238095237,0.22,177452.0,-16,55.2,-26.8,C,NO,2026-09-27T16:19:09+00:00,2026-09-27T16:19:09+00:00
HH,ENPH,3.2456631225517527,0.0,1.4630597098900187,0.0,36.9,35.74,38.27,34.65,32,.ENPH260911C37.5,120,1756,14.633333333333333,0.33,57948.0,-16,69.2,0.0,C,NO,2026-09-27T16:19:09+00:00,2026-09-27T16:19:09+00:00
LL,CVNA,-2.3918787373105257,-6.3,1.400256445401699,-0.16,70.19,71.91,72.88,70.04,29,.CVNA260918P66,7890,2568,0.32547528517110264,1.01,259367.99999999997,-9,51.0,-23.0,C,NO,2026-09-27T16:19:09+00:00,2026-09-27T16:19:09+00:00
HH,GOOGL,1.4080643686568541,2.17,1.369357041598942,-0.36,332.73,328.11,333.23,327.75,32,.GOOGL260911C330,9888,22600,2.2855987055016183,4.25,9605000.0,-16,60.4,10.3,C,NO,2026-09-27T16:19:09+00:00,2026-09-27T16:19:09+00:00
LL,NBIS,-1.7241379310344827,0.0,1.3581495919639577,0.0,228.0,232.0,238.33,226.03,32,.NBIS260911P220,2372,6276,2.645868465430017,1.68,1054368.0,-16,62.8,0.0,C,NO,2026-09-27T16:19:09+00:00,2026-09-27T16:19:09+00:00
LL,AMD,-0.9586108000864313,-2.01,1.3490655320864282,-0.52,504.19,509.07,516.33,502.92,24,.AMD260911P505,1243,6834,5.49798873692679,5.75,3929550.0,-16,56.7,-3.9,C,NO,2026-09-27T16:19:09+00:00,2026-09-27T16:19:09+00:00
HH,APP,4.667021488922884,0.0,1.317983888896065,0.0,314.65,300.62,317.66,300.09,32,.APP260911C320,1192,1167,0.9790268456375839,2.93,341931.00000000006,-16,70.8,0.0,B,NO,2026-09-27T16:19:09+00:00,2026-09-27T16:19:09+00:00
LL,MU,-1.8274824473420288,0.0,1.3039257157174764,0.0,978.78,997.0,999.0,973.5,32,.MU260911P980,1116,19723,17.67293906810036,12.48,24614304.0,-16,63.3,0.0,C,NO,2026-09-27T16:19:09+00:00,2026-09-27T16:19:09+00:00
LL,INTC,-1.9552253397204025,0.91,1.3016639600672537,0.17,100.29,102.29,103.23,99.34,30,.INTC260911P100,4622,19292,4.173950670705322,1.02,1967784.0,-16,64.3,-6.2,C,NO,2026-09-27T16:19:09+00:00,2026-09-27T16:19:09+00:00
LL,SNDK,-1.795484050445105,1.3,1.2923081599391693,0.24,1694.46,1725.44,1733.95,1674.0,32,.SNDK260911P1700,1289,6497,5.040341349883631,23.0,14943100.0,-16,63.0,-8.8,C,NO,2026-09-27T16:19:09+00:00,2026-09-27T16:19:09+00:00
LL,QUBT,-1.0075566750629732,0.0,1.2875249284522532,0.0,7.86,7.94,8.06,7.77,23,.QUBT261016P9,7675,10085,1.3140065146579805,1.55,1563175.0,19,51.5,0.0,C,NO,2026-09-27T16:19:09+00:00,2026-09-27T16:19:09+00:00
LL,META,-1.3568707836808378,0.0,1.2821285984153716,0.0,644.84,653.71,663.5,642.14,19,.META260911P645,1619,18246,11.269919703520692,6.73,12279558.0,-16,58.7,0.0,C,NO,2026-09-27T16:19:09+00:00,2026-09-27T16:19:09+00:00
LL,LULU,-1.6209097355890938,0.0,1.2403910069962492,0.0,97.11,98.71,99.62,95.67,19,.LULU260918P120,1968,7000,3.5569105691056913,24.05,16835000.0,-9,60.5,0.0,C,NO,2026-09-27T16:19:09+00:00,2026-09-27T16:19:09+00:00
LL,LITE,-2.7781244799467504,0.0,1.2362011164059405,0.0,934.73,961.44,994.5,933.82,24,.LITE260911P900,507,1368,2.698224852071006,3.0,410400.0,-16,63.2,0.0,C,NO,2026-09-27T16:19:09+00:00,2026-09-27T16:19:09+00:00
HH,AMZN,0.6477150053976154,0.0,1.024331399355222,0.0,251.73,250.11,253.15,249.58,30,.AMZN260911C255,5057,21391,4.229978247973107,0.63,1347633.0,-16,52.0,0.0,C,NO,2026-09-27T16:19:09+00:00,2026-09-27T16:19:09+00:00
HH,NFLX,0.8901288694034831,-2.35,0.9566141570274899,-0.7,75.94,75.27,76.3,75.03,31,.NFLX260911C76,3663,13936,3.8045318045318046,0.53,738608.0,-16,53.5,-23.5,C,NO,2026-09-27T16:19:09+00:00,2026-09-27T16:19:09+00:00
LL,DELL,-3.1729394949976135,-4.98,0.7387118033412662,-0.65,508.1,524.75,530.45,507.85,0,.DELL260911P500,3734,4932,1.3208355650776646,2.2,1085040.0000000002,-16,50.1,-4.1,C,NO,2026-09-27T16:19:09+00:00,2026-09-27T16:19:09+00:00
