Ticker,Last,% Change,Open,High,Low
RDDT,155.89,6.45315487571701,146.37,156.95,144.8
CHTR,140.68,5.071327208902846,134.94,141.26,133.67
MDB,374.76,4.5705675539929675,360.42,378.21,356.01
SEDG,36.7,4.231752343084357,35.57,37.54,29.91
AAPL,326.46,3.5263525084036296,316.57,326.46,316.56
ASAN,8.53,3.393939393939386,8.26,8.57,8.09
APP,314.65,3.1436438733363845,300.62,317.66,300.09
GME,20.42,2.664655605832082,19.91,20.52,19.6
FSLR,207.11,1.974396848842944,198.71,208.75,197.1
FROG,88.44,1.2826385707741692,86.79,89.54,85.52
SNPS,397.5,1.0884492141803501,396.3,401.47,390.51
ACN,177.7,1.080773606370863,177.22,179.39,175.49
LMT,529.9,1.037257369484792,526.89,531.0,524.09
PANW,338.5,1.0146225007460392,330.96,344.79,330.3
KR,56.9,0.8150248051027655,56.94,57.38,56.53
GOOGL,332.73,0.629063964917599,328.11,333.23,327.75
DXCM,84.4,0.6199332379590012,83.27,84.82,82.29
FDX,310.96,0.5724635337494686,307.24,313.83,306.79
ENPH,36.9,0.49019607843137175,35.74,38.27,34.65
CRWD,208.75,0.4571703561116403,205.97,214.68,204.27
KO,87.93,0.43403769274701276,88.2,88.96,87.86
TTD,13.94,0.4322766570605095,13.81,14.06,13.71
CMG,36.17,0.3885650846516807,36.1,36.62,35.69
SPCX,148.07,0.3524229074889744,145.07,154.7,144.89
FVRR,8.95,0.22396416573347788,8.9,9.03,8.87
MSFT,492.6,0.19322688904709562,488.11,494.52,486.0
NOW,131.24,0.09915338265578173,131.72,134.65,130.64
XLP,83.11,0.07224563515954519,83.3,83.81,83.07
COST,902.63,0.0033237314424964227,906.28,912.09,899.0
HCA,421.83,0.0,424.07,426.81,415.04
LLY,1123.57,-0.05692886560341039,1124.19,1133.79,1120.52
WMT,105.74,-0.08504204856846208,106.06,107.16,105.59
NFLX,75.94,-0.11837432592398185,75.27,76.3,75.03
AMZN,251.73,-0.26545166402536285,250.11,253.15,249.58
STI,7.1,-0.2808988764045009,7.02,7.14,7.02
CRM,243.39,-0.3153669724770684,245.07,248.5,241.75
ENVX,3.15,-0.31645569620253894,3.1,3.22,3.07
BA,205.29,-0.5474275748473963,206.0,208.82,204.67
NET,312.34,-0.5856515373352956,313.77,319.43,307.41
$SPX,7591.61,-0.5860121838153256,7594.74,7612.86,7580.06
SNOW,329.52,-0.5912875588270895,328.77,341.45,325.01
BABA,108.61,-0.722120658135289,108.63,109.19,107.72
BMY,63.79,-0.9625834497748756,64.82,64.92,63.74
GS,1018.32,-1.0167382725169543,1017.29,1027.23,1011.68
AVGO,360.61,-1.034634173115973,360.44,365.27,357.79
TGT,155.85,-1.0601828339258608,157.6,158.49,154.67
COIN,172.74,-1.1332417582417522,171.08,174.46,170.39
SE,107.47,-1.1406494342746711,107.73,108.98,107.17
UNH,388.46,-1.1703047880730735,396.47,399.27,388.38
ULTA,535.47,-1.1792713985162193,537.4,542.8,530.79
PCG,14.02,-1.1980267794221278,14.18,14.34,13.85
TSLA,363.17,-1.2615208939398022,360.6,369.21,357.68
META,644.84,-1.3538527436552528,653.71,663.5,642.14
CAT,804.42,-1.3659326107214658,810.01,811.95,797.5
AEHR,93.98,-1.6534114692339872,93.29,100.45,92.0
HD,305.24,-1.678209051377027,308.28,308.28,304.3
RKLB,62.01,-1.6806722689075668,61.62,64.9,61.57
BLNK,0.54,-1.8181818181818195,0.54,0.55,0.53
HOOD,113.06,-1.9257460097154744,112.5,116.3,111.95
SIDU,2.02,-1.9417475728155356,2.02,2.11,1.99
CROX,108.81,-2.0523899540912782,110.28,110.78,108.54
PLTR,166.0,-2.082227334395093,167.54,169.0,164.55
NVDA,218.46,-2.220034016650246,220.52,220.99,217.2
QUBT,7.86,-2.2388059701492393,7.94,8.06,7.77
ADBE,249.13,-2.2482931805697315,251.81,255.0,247.2
TIGR,4.91,-2.385685884691851,4.98,5.03,4.87
IBM,234.2,-2.392264732849883,238.84,242.31,231.83
CLS,325.56,-2.410071942446049,325.0,335.9,322.07
PHM,116.05,-2.4215925334230297,117.0,117.58,114.78
CRCL,90.69,-2.473384234863961,89.95,92.96,89.5
LULU,97.11,-2.617328519855595,98.71,99.62,95.67
STX,860.06,-2.9189994581903576,860.56,880.97,848.24
UPST,25.12,-2.9741212823483956,25.45,25.78,25.09
MSTR,128.63,-3.067068575734735,128.43,131.88,126.91
AMAT,453.9,-3.1886530873413768,457.4,460.86,450.56
AMD,504.19,-3.2450585300326282,509.07,516.33,502.92
GLW,162.99,-3.247061617001068,164.33,168.46,162.93
MRVL,227.29,-3.284966597166078,228.49,234.49,226.15
IREN,43.74,-3.592682389243984,44.13,45.85,43.45
BKKT,7.96,-3.6319612590799006,7.95,8.17,7.91
SMCI,37.49,-3.6989468276393467,37.9,39.26,37.49
URI,988.42,-3.922159471990826,1001.0,1011.17,979.1
ARM,253.79,-3.9511032055406368,252.2,257.92,251.29
SNDK,1694.46,-3.9514332518974946,1725.44,1733.95,1674.0
EDIT,2.66,-3.9711191335740024,2.77,2.77,2.62
ASTS,59.91,-4.021147068247364,60.85,64.53,59.91
BE,258.28,-4.0849673202614385,260.05,271.5,257.01
CAR,127.11,-4.161954308979865,131.5,132.27,127.11
AAOI,103.37,-4.224960622625778,104.5,109.78,102.99
CVNA,70.19,-4.386323389184033,71.91,72.88,70.04
WDC,460.48,-4.520195736916305,466.26,471.23,456.75
SIG,97.72,-4.6448087431694045,102.97,103.45,95.33
CBRG,3.23,-4.719764011799414,3.23,3.35,3.15
MU,978.78,-4.766630666394233,997.0,999.0,973.5
SKHY,188.6,-5.0495896893722,189.52,193.55,187.17
DELL,508.1,-5.072396076599715,524.75,530.45,507.85
NBIS,228.0,-5.1383399209486145,232.0,238.33,226.03
ORCL,153.29,-5.159933180721403,158.08,159.22,153.26
ALAB,284.7,-5.270513076462378,287.43,294.87,280.53
LITE,934.73,-5.485449655200307,961.44,994.5,933.82
INTC,100.29,-5.600527108433725,102.29,103.23,99.34
LRCX,298.14,-5.6041033434650425,302.9,307.03,297.01
CRWV,89.13,-6.119654518643356,90.0,92.19,88.73
OMEX,0.74,-6.329113924050639,0.78,0.79,0.73
ASTX,10.23,-7.8378378378378315,10.38,11.84,10.23
WOLF,25.12,-7.9178885630498534,26.36,26.6,25.1
SOXL,115.88,-7.936760149360459,116.46,119.32,113.55
VCX,33.74,-10.242085661080077,33.96,35.95,33.56
